#
# There is insufficient memory for the Java Runtime Environment to continue.
# Native memory allocation (mmap) failed to map 1048576 bytes. Error detail: G1 virtual space
# Possible reasons:
#   The system is out of physical RAM or swap space
#   This process is running with CompressedOops enabled, and the Java Heap may be blocking the growth of the native heap
# Possible solutions:
#   Reduce memory load on the system
#   Increase physical memory or swap space
#   Check if swap backing store is full
#   Decrease Java heap size (-Xmx/-Xms)
#   Decrease number of Java threads
#   Decrease Java thread stack sizes (-Xss)
#   Set larger code cache with -XX:ReservedCodeCacheSize=
#   JVM is running with Unscaled Compressed Oops mode in which the Java heap is
#     placed in the first 4GB address space. The Java Heap base address is the
#     maximum limit for the native heap growth. Please use -XX:HeapBaseMinAddress
#     to set the Java Heap base and to place the Java Heap above 4GB virtual address.
# This output file may be truncated or incomplete.
#
#  Out of Memory Error (os_windows.cpp:3554), pid=18660, tid=2192
#
# JRE version: OpenJDK Runtime Environment Temurin-25.0.1+8 (25.0.1+8) (build 25.0.1+8-LTS)
# Java VM: OpenJDK 64-Bit Server VM Temurin-25.0.1+8 (25.0.1+8-LTS, mixed mode, emulated-client, sharing, tiered, compressed oops, compressed class ptrs, g1 gc, windows-amd64)
# No core dump will be written. Minidumps are not enabled by default on client versions of Windows
#

---------------  S U M M A R Y ------------

Command Line: -Dcom.sun.management.jmxremote -Dcom.sun.management.jmxremote.port=55303 -Dcom.sun.management.jmxremote.authenticate=false -Dcom.sun.management.jmxremote.ssl=false -Djava.rmi.server.hostname=localhost -Dspring.jmx.enabled=true -Dmanagement.endpoints.jmx.exposure.include=* -Dspring.application.admin.enabled=true -Dspring.output.ansi.enabled=always -XX:TieredStopAtLevel=1 -Dspring.boot.project.name=WomenSafetyApp -Dfile.encoding=UTF-8 -Dstdout.encoding=UTF-8 -Dstderr.encoding=UTF-8 -XX:+ShowCodeDetailsInExceptionMessages in.sp.main.FightthefireApplication

Host: 12th Gen Intel(R) Core(TM) i5-1235U, 12 cores, 3G,  Windows 11 , 64 bit Build 26100 (10.0.26100.9168)
Time: Mon Aug 24 17:02:49 2026 India Standard Time elapsed time: 63.420835 seconds (0d 0h 1m 3s)

---------------  T H R E A D  ---------------

Current thread (0x000001cf44403f00):  WorkerThread "GC Thread#9"    [id=2192, stack(0x00000057b8300000,0x00000057b8400000) (1024K)]

Stack: [0x00000057b8300000,0x00000057b8400000]
Native frames: (J=compiled Java code, j=interpreted, Vv=VM code, C=native code)
V  [jvm.dll+0x7a8379]  (no source info available)
V  [jvm.dll+0x7729fd]  (no source info available)
V  [jvm.dll+0x9f57b3]  (no source info available)
V  [jvm.dll+0x9f7da1]  (no source info available)
V  [jvm.dll+0x9f84a3]  (no source info available)
V  [jvm.dll+0x2fcd26]  (no source info available)
V  [jvm.dll+0x7a45a5]  (no source info available)
V  [jvm.dll+0x797a07]  (no source info available)
V  [jvm.dll+0x3f4cb8]  (no source info available)
V  [jvm.dll+0x3fcbf6]  (no source info available)
V  [jvm.dll+0x3e9065]  (no source info available)
V  [jvm.dll+0x3e9734]  (no source info available)
V  [jvm.dll+0x3e97ff]  (no source info available)
V  [jvm.dll+0x3c21cc]  (no source info available)
V  [jvm.dll+0x3c1f1d]  (no source info available)
V  [jvm.dll+0x3af3f5]  (no source info available)
V  [jvm.dll+0x3af7d6]  (no source info available)
V  [jvm.dll+0x3b047b]  (no source info available)
V  [jvm.dll+0x3b08e0]  (no source info available)
V  [jvm.dll+0x3b0355]  (no source info available)
V  [jvm.dll+0x3f6be2]  (no source info available)
V  [jvm.dll+0x3f6ff5]  (no source info available)
V  [jvm.dll+0x3f52c8]  (no source info available)
V  [jvm.dll+0x3f83b8]  (no source info available)
V  [jvm.dll+0x3f46ae]  (no source info available)
V  [jvm.dll+0x4037b4]  (no source info available)
V  [jvm.dll+0x40357d]  (no source info available)
V  [jvm.dll+0x401c0a]  (no source info available)
V  [jvm.dll+0x4030fb]  (no source info available)
V  [jvm.dll+0x40def3]  (no source info available)
V  [jvm.dll+0x40e218]  (no source info available)
V  [jvm.dll+0xa28ff1]  (no source info available)
V  [jvm.dll+0x99630d]  (no source info available)
V  [jvm.dll+0x7a6955]  (no source info available)
C  [ucrtbase.dll+0x2cd30]  (no source info available)
C  [KERNEL32.DLL+0x2ccb7]  (no source info available)
C  [ntdll.dll+0xaad6c]  (no source info available)


---------------  P R O C E S S  ---------------

Threads class SMR info:
_java_thread_list=0x000001cf46a7a200, length=26, elements={
0x000001cf33d59450, 0x000001cf3ec49ca0, 0x000001cf3ec4c470, 0x000001cf3ec52be0,
0x000001cf3ec537a0, 0x000001cf3ec599a0, 0x000001cf3ec5c570, 0x000001cf3ec5e440,
0x000001cf430ce2e0, 0x000001cf430ef970, 0x000001cf43ef5710, 0x000001cf43ed8300,
0x000001cf43ee7e30, 0x000001cf4403e250, 0x000001cf44085e40, 0x000001cf440b5520,
0x000001cf440f0e20, 0x000001cf4407be70, 0x000001cf440804c0, 0x000001cf45153ae0,
0x000001cf446ab040, 0x000001cf446acf80, 0x000001cf461325e0, 0x000001cf46132db0,
0x000001cf46133580, 0x000001cf451f9b10
}

Java Threads: ( => current thread )
  0x000001cf33d59450 JavaThread "main"                              [_thread_blocked, id=20176, stack(0x00000057b6000000,0x00000057b6100000) (1024K)]
  0x000001cf3ec49ca0 JavaThread "Reference Handler"          daemon [_thread_blocked, id=18232, stack(0x00000057b6800000,0x00000057b6900000) (1024K)]
  0x000001cf3ec4c470 JavaThread "Finalizer"                  daemon [_thread_blocked, id=20004, stack(0x00000057b6900000,0x00000057b6a00000) (1024K)]
  0x000001cf3ec52be0 JavaThread "Signal Dispatcher"          daemon [_thread_blocked, id=18624, stack(0x00000057b6a00000,0x00000057b6b00000) (1024K)]
  0x000001cf3ec537a0 JavaThread "Attach Listener"            daemon [_thread_blocked, id=5248, stack(0x00000057b6b00000,0x00000057b6c00000) (1024K)]
  0x000001cf3ec599a0 JavaThread "Service Thread"             daemon [_thread_blocked, id=7264, stack(0x00000057b6c00000,0x00000057b6d00000) (1024K)]
  0x000001cf3ec5c570 JavaThread "Monitor Deflation Thread"   daemon [_thread_blocked, id=16352, stack(0x00000057b6d00000,0x00000057b6e00000) (1024K)]
  0x000001cf3ec5e440 JavaThread "C1 CompilerThread0"         daemon [_thread_blocked, id=21236, stack(0x00000057b6e00000,0x00000057b6f00000) (1024K)]
  0x000001cf430ce2e0 JavaThread "Notification Thread"        daemon [_thread_blocked, id=14088, stack(0x00000057b6f00000,0x00000057b7000000) (1024K)]
  0x000001cf430ef970 JavaThread "Common-Cleaner"             daemon [_thread_blocked, id=13408, stack(0x00000057b7000000,0x00000057b7100000) (1024K)]
  0x000001cf43ef5710 JavaThread "RMI TCP Accept-0"           daemon [_thread_in_native, id=4352, stack(0x00000057b7100000,0x00000057b7200000) (1024K)]
  0x000001cf43ed8300 JavaThread "RMI TCP Accept-55303"       daemon [_thread_in_native, id=6140, stack(0x00000057b7200000,0x00000057b7300000) (1024K)]
  0x000001cf43ee7e30 JavaThread "RMI TCP Accept-0"           daemon [_thread_in_native, id=4884, stack(0x00000057b7300000,0x00000057b7400000) (1024K)]
  0x000001cf4403e250 JavaThread "RMI TCP Connection(idle)"   daemon [_thread_blocked, id=10232, stack(0x00000057b7700000,0x00000057b7800000) (1024K)]
  0x000001cf44085e40 JavaThread "RMI Scheduler(0)"           daemon [_thread_blocked, id=9756, stack(0x00000057b7800000,0x00000057b7900000) (1024K)]
  0x000001cf440b5520 JavaThread "RMI TCP Connection(2)-127.0.0.1" daemon [_thread_blocked, id=2060, stack(0x00000057b7900000,0x00000057b7a00000) (1024K)]
  0x000001cf440f0e20 JavaThread "Thread-0"                          [_thread_blocked, id=14564, stack(0x00000057b7a00000,0x00000057b7b00000) (1024K)]
  0x000001cf4407be70 JavaThread "restartedMain"                     [_thread_blocked, id=18916, stack(0x00000057b7b00000,0x00000057b7c00000) (1024K)]
  0x000001cf440804c0 JavaThread "JMX server connection timeout 39" daemon [_thread_blocked, id=11752, stack(0x00000057b7c00000,0x00000057b7d00000) (1024K)]
  0x000001cf45153ae0 JavaThread "C1 CompilerThread1"         daemon [_thread_blocked, id=6160, stack(0x00000057b7f00000,0x00000057b8000000) (1024K)]
  0x000001cf446ab040 JavaThread "mysql-cj-abandoned-connection-cleanup" daemon [_thread_blocked, id=3460, stack(0x00000057b8800000,0x00000057b8900000) (1024K)]
  0x000001cf446acf80 JavaThread "HikariPool-1 housekeeper"   daemon [_thread_blocked, id=4192, stack(0x00000057b8a00000,0x00000057b8b00000) (1024K)]
  0x000001cf461325e0 JavaThread "Catalina-utility-1"                [_thread_blocked, id=10540, stack(0x00000057b8600000,0x00000057b8700000) (1024K)]
  0x000001cf46132db0 JavaThread "Catalina-utility-2"                [_thread_blocked, id=7824, stack(0x00000057b8700000,0x00000057b8800000) (1024K)]
  0x000001cf46133580 JavaThread "container-0"                       [_thread_blocked, id=12248, stack(0x00000057b8b00000,0x00000057b8c00000) (1024K)]
  0x000001cf451f9b10 JavaThread "C1 CompilerThread2"         daemon [_thread_blocked, id=14644, stack(0x00000057b8c00000,0x00000057b8d00000) (1024K)]
Total: 26

Other Threads:
  0x000001cf3ec37d10 VMThread "VM Thread"                           [id=7456, stack(0x00000057b6700000,0x00000057b6800000) (1024K)]
  0x000001cf3eb05510 WatcherThread "VM Periodic Task Thread"        [id=5632, stack(0x00000057b6600000,0x00000057b6700000) (1024K)]
  0x000001cf33d9ac10 WorkerThread "GC Thread#0"                     [id=5596, stack(0x00000057b6100000,0x00000057b6200000) (1024K)]
  0x000001cf4403d810 WorkerThread "GC Thread#1"                     [id=6296, stack(0x00000057b7400000,0x00000057b7500000) (1024K)]
  0x000001cf4407b3b0 WorkerThread "GC Thread#2"                     [id=11304, stack(0x00000057b7500000,0x00000057b7600000) (1024K)]
  0x000001cf4407b7e0 WorkerThread "GC Thread#3"                     [id=7100, stack(0x00000057b7600000,0x00000057b7700000) (1024K)]
  0x000001cf44232010 WorkerThread "GC Thread#4"                     [id=11188, stack(0x00000057b7d00000,0x00000057b7e00000) (1024K)]
  0x000001cf44232440 WorkerThread "GC Thread#5"                     [id=17928, stack(0x00000057b7e00000,0x00000057b7f00000) (1024K)]
  0x000001cf44402dc0 WorkerThread "GC Thread#6"                     [id=20832, stack(0x00000057b8000000,0x00000057b8100000) (1024K)]
  0x000001cf44404bf0 WorkerThread "GC Thread#7"                     [id=1172, stack(0x00000057b8100000,0x00000057b8200000) (1024K)]
  0x000001cf444020d0 WorkerThread "GC Thread#8"                     [id=5380, stack(0x00000057b8200000,0x00000057b8300000) (1024K)]
=>0x000001cf44403f00 WorkerThread "GC Thread#9"                     [id=2192, stack(0x00000057b8300000,0x00000057b8400000) (1024K)]
  0x000001cf33da84d0 ConcurrentGCThread "G1 Main Marker"            [id=19804, stack(0x00000057b6200000,0x00000057b6300000) (1024K)]
  0x000001cf33da9070 WorkerThread "G1 Conc#0"                       [id=19692, stack(0x00000057b6300000,0x00000057b6400000) (1024K)]
  0x000001cf44404350 WorkerThread "G1 Conc#1"                       [id=20868, stack(0x00000057b8400000,0x00000057b8500000) (1024K)]
  0x000001cf444047a0 WorkerThread "G1 Conc#2"                       [id=10872, stack(0x00000057b8500000,0x00000057b8600000) (1024K)]
  0x000001cf33df7340 ConcurrentGCThread "G1 Refine#0"               [id=6040, stack(0x00000057b6400000,0x00000057b6500000) (1024K)]
  0x000001cf33df9e60 ConcurrentGCThread "G1 Service"                [id=11816, stack(0x00000057b6500000,0x00000057b6600000) (1024K)]
Total: 18

Threads with active compile tasks:
Total: 0

VM state: at safepoint (normal execution)

VM Mutex/Monitor currently owned by a thread:  ([mutex/lock_event])
[0x00007ff9ac803c68] FreeList_lock - owner thread: 0x000001cf44403f00
[0x00007ff9ac806368] Threads_lock - owner thread: 0x000001cf3ec37d10
[0x00007ff9ac8064e8] Heap_lock - owner thread: 0x000001cf4407be70

Heap address: 0x00000000c4e00000, size: 946 MB, Compressed Oops mode: 32-bit

CDS archive(s) mapped at: [0x0000000009000000-0x0000000009dc0000-0x0000000009dc0000), size 14417920, SharedBaseAddress: 0x0000000009000000, ArchiveRelocationMode: 1.
Compressed class space mapped at: 0x000000000a000000-0x000000004a000000, reserved size: 1073741824
UseCompressedClassPointers 1, UseCompactObjectHeaders 0
Narrow klass pointer bits 32, Max shift 3
Narrow klass base: 0x0000000009000000, Narrow klass shift: 0
Encoding Range: [0x0000000009000000 - 0x0000000109000000), (4294967296 bytes)
Klass Range:    [0x0000000009010000 - 0x000000004a000000), (1090453504 bytes)
Klass ID Range:  [65536 - 1090519033) (1090453497)
Protection zone: [0x0000000009000000 - 0x0000000009010000), (65536 bytes)

GC Precious Log:
 CardTable entry size: 512
 Card Set container configuration: InlinePtr #cards 5 size 8 Array Of Cards #cards 10 size 36 Howl #buckets 4 coarsen threshold 1843 Howl Bitmap #cards 512 size 80 coarsen threshold 460 Card regions per heap region 1 cards per card region 2048
 CPUs: 12 total, 12 available
 Memory: 3780M
 Large Page Support: Disabled
 NUMA Support: Disabled
 Compressed Oops: Enabled (32-bit)
 Heap Region Size: 1M
 Heap Min Capacity: 8M
 Heap Initial Capacity: 60M
 Heap Max Capacity: 946M
 Pre-touch: Disabled
 Parallel Workers: 10
 Concurrent Workers: 3
 Concurrent Refinement Workers: 10
 Periodic GC: Disabled

Heap:
 garbage-first heap   total reserved 968704K, committed 313344K, used 278212K [0x00000000c4e00000, 0x0000000100000000)
  region size 1024K, 162 young (165888K), 14 survivors (14336K)

Heap Regions: E=young(eden), S=young(survivor), O=old, HS=humongous(starts), HC=humongous(continues), CS=collection set, F=free, TAMS=top-at-mark-start, PB=parsable bottom
|   0|0x00000000c4e00000, 0x00000000c4f00000, 0x00000000c4f00000|100%|HS|  |TAMS 0x00000000c4e00000| PB 0x00000000c4e00000| Complete |  0
|   1|0x00000000c4f00000, 0x00000000c5000000, 0x00000000c5000000|100%|HS|  |TAMS 0x00000000c4f00000| PB 0x00000000c4f00000| Complete |  0
|   2|0x00000000c5000000, 0x00000000c5100000, 0x00000000c5100000|100%| O|  |TAMS 0x00000000c5000000| PB 0x00000000c5000000| Untracked |  0
|   3|0x00000000c5100000, 0x00000000c5200000, 0x00000000c5200000|100%| O|  |TAMS 0x00000000c5100000| PB 0x00000000c5100000| Untracked |  0
|   4|0x00000000c5200000, 0x00000000c5300000, 0x00000000c5300000|100%| O|  |TAMS 0x00000000c5200000| PB 0x00000000c5200000| Untracked |  0
|   5|0x00000000c5300000, 0x00000000c5400000, 0x00000000c5400000|100%| O|  |TAMS 0x00000000c5300000| PB 0x00000000c5300000| Untracked |  0
|   6|0x00000000c5400000, 0x00000000c5500000, 0x00000000c5500000|100%| O|  |TAMS 0x00000000c5400000| PB 0x00000000c5400000| Untracked |  0
|   7|0x00000000c5500000, 0x00000000c5600000, 0x00000000c5600000|100%| O|  |TAMS 0x00000000c5500000| PB 0x00000000c5500000| Untracked |  0
|   8|0x00000000c5600000, 0x00000000c5700000, 0x00000000c5700000|100%| O|  |TAMS 0x00000000c5600000| PB 0x00000000c5600000| Untracked |  0
|   9|0x00000000c5700000, 0x00000000c5800000, 0x00000000c5800000|100%| O|  |TAMS 0x00000000c5700000| PB 0x00000000c5700000| Untracked |  0
|  10|0x00000000c5800000, 0x00000000c5900000, 0x00000000c5900000|100%| O|  |TAMS 0x00000000c5800000| PB 0x00000000c5800000| Untracked |  0
|  11|0x00000000c5900000, 0x00000000c5a00000, 0x00000000c5a00000|100%| O|  |TAMS 0x00000000c5900000| PB 0x00000000c5900000| Untracked |  0
|  12|0x00000000c5a00000, 0x00000000c5b00000, 0x00000000c5b00000|100%| O|  |TAMS 0x00000000c5a00000| PB 0x00000000c5a00000| Untracked |  0
|  13|0x00000000c5b00000, 0x00000000c5c00000, 0x00000000c5c00000|100%| O|  |TAMS 0x00000000c5b00000| PB 0x00000000c5b00000| Untracked |  0
|  14|0x00000000c5c00000, 0x00000000c5d00000, 0x00000000c5d00000|100%| O|  |TAMS 0x00000000c5c00000| PB 0x00000000c5c00000| Untracked |  0
|  15|0x00000000c5d00000, 0x00000000c5e00000, 0x00000000c5e00000|100%| O|  |TAMS 0x00000000c5d00000| PB 0x00000000c5d00000| Untracked |  0
|  16|0x00000000c5e00000, 0x00000000c5f00000, 0x00000000c5f00000|100%| O|  |TAMS 0x00000000c5e00000| PB 0x00000000c5e00000| Untracked |  0
|  17|0x00000000c5f00000, 0x00000000c6000000, 0x00000000c6000000|100%| O|  |TAMS 0x00000000c5f00000| PB 0x00000000c5f00000| Untracked |  0
|  18|0x00000000c6000000, 0x00000000c6100000, 0x00000000c6100000|100%| O|  |TAMS 0x00000000c6000000| PB 0x00000000c6000000| Untracked |  0
|  19|0x00000000c6100000, 0x00000000c6200000, 0x00000000c6200000|100%| O|  |TAMS 0x00000000c6100000| PB 0x00000000c6100000| Untracked |  0
|  20|0x00000000c6200000, 0x00000000c6300000, 0x00000000c6300000|100%| O|  |TAMS 0x00000000c6200000| PB 0x00000000c6200000| Untracked |  0
|  21|0x00000000c6300000, 0x00000000c6400000, 0x00000000c6400000|100%| O|  |TAMS 0x00000000c6300000| PB 0x00000000c6300000| Untracked |  0
|  22|0x00000000c6400000, 0x00000000c6500000, 0x00000000c6500000|100%| O|  |TAMS 0x00000000c6400000| PB 0x00000000c6400000| Untracked |  0
|  23|0x00000000c6500000, 0x00000000c6600000, 0x00000000c6600000|100%| O|  |TAMS 0x00000000c6500000| PB 0x00000000c6500000| Untracked |  0
|  24|0x00000000c6600000, 0x00000000c6700000, 0x00000000c6700000|100%| O|  |TAMS 0x00000000c6600000| PB 0x00000000c6600000| Untracked |  0
|  25|0x00000000c6700000, 0x00000000c6800000, 0x00000000c6800000|100%| O|  |TAMS 0x00000000c6700000| PB 0x00000000c6700000| Untracked |  0
|  26|0x00000000c6800000, 0x00000000c6900000, 0x00000000c6900000|100%| O|  |TAMS 0x00000000c6800000| PB 0x00000000c6800000| Untracked |  0
|  27|0x00000000c6900000, 0x00000000c6a00000, 0x00000000c6a00000|100%| O|  |TAMS 0x00000000c6900000| PB 0x00000000c6900000| Untracked |  0
|  28|0x00000000c6a00000, 0x00000000c6b00000, 0x00000000c6b00000|100%| O|  |TAMS 0x00000000c6a00000| PB 0x00000000c6a00000| Untracked |  0
|  29|0x00000000c6b00000, 0x00000000c6c00000, 0x00000000c6c00000|100%| O|  |TAMS 0x00000000c6b00000| PB 0x00000000c6b00000| Untracked |  0
|  30|0x00000000c6c00000, 0x00000000c6d00000, 0x00000000c6d00000|100%| O|  |TAMS 0x00000000c6c00000| PB 0x00000000c6c00000| Untracked |  0
|  31|0x00000000c6d00000, 0x00000000c6e00000, 0x00000000c6e00000|100%| O|  |TAMS 0x00000000c6d00000| PB 0x00000000c6d00000| Untracked |  0
|  32|0x00000000c6e00000, 0x00000000c6f00000, 0x00000000c6f00000|100%| O|  |TAMS 0x00000000c6e00000| PB 0x00000000c6e00000| Untracked |  0
|  33|0x00000000c6f00000, 0x00000000c7000000, 0x00000000c7000000|100%| O|  |TAMS 0x00000000c6f00000| PB 0x00000000c6f00000| Untracked |  0
|  34|0x00000000c7000000, 0x00000000c7100000, 0x00000000c7100000|100%| O|  |TAMS 0x00000000c7000000| PB 0x00000000c7000000| Untracked |  0
|  35|0x00000000c7100000, 0x00000000c7200000, 0x00000000c7200000|100%| O|  |TAMS 0x00000000c7100000| PB 0x00000000c7100000| Untracked |  0
|  36|0x00000000c7200000, 0x00000000c7300000, 0x00000000c7300000|100%| O|  |TAMS 0x00000000c7200000| PB 0x00000000c7200000| Untracked |  0
|  37|0x00000000c7300000, 0x00000000c7400000, 0x00000000c7400000|100%| O|  |TAMS 0x00000000c7300000| PB 0x00000000c7300000| Untracked |  0
|  38|0x00000000c7400000, 0x00000000c7500000, 0x00000000c7500000|100%| O|  |TAMS 0x00000000c7400000| PB 0x00000000c7400000| Untracked |  0
|  39|0x00000000c7500000, 0x00000000c7600000, 0x00000000c7600000|100%| O|  |TAMS 0x00000000c7500000| PB 0x00000000c7500000| Untracked |  0
|  40|0x00000000c7600000, 0x00000000c7700000, 0x00000000c7700000|100%| O|  |TAMS 0x00000000c7600000| PB 0x00000000c7600000| Untracked |  0
|  41|0x00000000c7700000, 0x00000000c7800000, 0x00000000c7800000|100%| O|  |TAMS 0x00000000c7700000| PB 0x00000000c7700000| Untracked |  0
|  42|0x00000000c7800000, 0x00000000c7900000, 0x00000000c7900000|100%| O|  |TAMS 0x00000000c7800000| PB 0x00000000c7800000| Untracked |  0
|  43|0x00000000c7900000, 0x00000000c7a00000, 0x00000000c7a00000|100%| O|  |TAMS 0x00000000c7900000| PB 0x00000000c7900000| Untracked |  0
|  44|0x00000000c7a00000, 0x00000000c7b00000, 0x00000000c7b00000|100%| O|  |TAMS 0x00000000c7a00000| PB 0x00000000c7a00000| Untracked |  0
|  45|0x00000000c7b00000, 0x00000000c7c00000, 0x00000000c7c00000|100%| O|  |TAMS 0x00000000c7b00000| PB 0x00000000c7b00000| Untracked |  0
|  46|0x00000000c7c00000, 0x00000000c7d00000, 0x00000000c7d00000|100%| O|  |TAMS 0x00000000c7c00000| PB 0x00000000c7c00000| Untracked |  0
|  47|0x00000000c7d00000, 0x00000000c7e00000, 0x00000000c7e00000|100%| O|  |TAMS 0x00000000c7d00000| PB 0x00000000c7d00000| Untracked |  0
|  48|0x00000000c7e00000, 0x00000000c7f00000, 0x00000000c7f00000|100%| O|  |TAMS 0x00000000c7e00000| PB 0x00000000c7e00000| Untracked |  0
|  49|0x00000000c7f00000, 0x00000000c8000000, 0x00000000c8000000|100%| O|  |TAMS 0x00000000c7f00000| PB 0x00000000c7f00000| Untracked |  0
|  50|0x00000000c8000000, 0x00000000c8100000, 0x00000000c8100000|100%| O|  |TAMS 0x00000000c8000000| PB 0x00000000c8000000| Untracked |  0
|  51|0x00000000c8100000, 0x00000000c8200000, 0x00000000c8200000|100%| O|  |TAMS 0x00000000c8100000| PB 0x00000000c8100000| Untracked |  0
|  52|0x00000000c8200000, 0x00000000c8300000, 0x00000000c8300000|100%| O|  |TAMS 0x00000000c8200000| PB 0x00000000c8200000| Untracked |  0
|  53|0x00000000c8300000, 0x00000000c8400000, 0x00000000c8400000|100%| O|  |TAMS 0x00000000c8300000| PB 0x00000000c8300000| Untracked |  0
|  54|0x00000000c8400000, 0x00000000c8500000, 0x00000000c8500000|100%| O|  |TAMS 0x00000000c8400000| PB 0x00000000c8400000| Untracked |  0
|  55|0x00000000c8500000, 0x00000000c8600000, 0x00000000c8600000|100%| O|  |TAMS 0x00000000c8500000| PB 0x00000000c8500000| Untracked |  0
|  56|0x00000000c8600000, 0x00000000c8700000, 0x00000000c8700000|100%| O|  |TAMS 0x00000000c8600000| PB 0x00000000c8600000| Untracked |  0
|  57|0x00000000c8700000, 0x00000000c8800000, 0x00000000c8800000|100%| O|  |TAMS 0x00000000c8700000| PB 0x00000000c8700000| Untracked |  0
|  58|0x00000000c8800000, 0x00000000c8900000, 0x00000000c8900000|100%| O|  |TAMS 0x00000000c8800000| PB 0x00000000c8800000| Untracked |  0
|  59|0x00000000c8900000, 0x00000000c8a00000, 0x00000000c8a00000|100%| O|  |TAMS 0x00000000c8900000| PB 0x00000000c8900000| Untracked |  0
|  60|0x00000000c8a00000, 0x00000000c8b00000, 0x00000000c8b00000|100%| O|  |TAMS 0x00000000c8a00000| PB 0x00000000c8a00000| Untracked |  0
|  61|0x00000000c8b00000, 0x00000000c8c00000, 0x00000000c8c00000|100%| O|  |TAMS 0x00000000c8b00000| PB 0x00000000c8b00000| Untracked |  0
|  62|0x00000000c8c00000, 0x00000000c8d00000, 0x00000000c8d00000|100%| O|  |TAMS 0x00000000c8c00000| PB 0x00000000c8c00000| Untracked |  0
|  63|0x00000000c8d00000, 0x00000000c8e00000, 0x00000000c8e00000|100%| O|  |TAMS 0x00000000c8d00000| PB 0x00000000c8d00000| Untracked |  0
|  64|0x00000000c8e00000, 0x00000000c8f00000, 0x00000000c8f00000|100%| O|  |TAMS 0x00000000c8e00000| PB 0x00000000c8e00000| Untracked |  0
|  65|0x00000000c8f00000, 0x00000000c9000000, 0x00000000c9000000|100%| O|  |TAMS 0x00000000c8f00000| PB 0x00000000c8f00000| Untracked |  0
|  66|0x00000000c9000000, 0x00000000c9100000, 0x00000000c9100000|100%| O|CS|TAMS 0x00000000c9000000| PB 0x00000000c9000000| Complete |  0
|  67|0x00000000c9100000, 0x00000000c9200000, 0x00000000c9200000|100%| O|  |TAMS 0x00000000c9100000| PB 0x00000000c9100000| Untracked |  0
|  68|0x00000000c9200000, 0x00000000c9300000, 0x00000000c9300000|100%| O|  |TAMS 0x00000000c9200000| PB 0x00000000c9200000| Untracked |  0
|  69|0x00000000c9300000, 0x00000000c9400000, 0x00000000c9400000|100%| O|  |TAMS 0x00000000c9300000| PB 0x00000000c9300000| Untracked |  0
|  70|0x00000000c9400000, 0x00000000c9500000, 0x00000000c9500000|100%| O|  |TAMS 0x00000000c9400000| PB 0x00000000c9400000| Untracked |  0
|  71|0x00000000c9500000, 0x00000000c9600000, 0x00000000c9600000|100%| O|  |TAMS 0x00000000c9500000| PB 0x00000000c9500000| Untracked |  0
|  72|0x00000000c9600000, 0x00000000c9700000, 0x00000000c9700000|100%| O|CS|TAMS 0x00000000c9600000| PB 0x00000000c9600000| Complete |  0
|  73|0x00000000c9700000, 0x00000000c9800000, 0x00000000c9800000|100%| E|CS|TAMS 0x00000000c9700000| PB 0x00000000c9700000| Complete |  0
|  74|0x00000000c9800000, 0x00000000c9900000, 0x00000000c9900000|100%| O|  |TAMS 0x00000000c9800000| PB 0x00000000c9800000| Untracked |  0
|  75|0x00000000c9900000, 0x00000000c9a00000, 0x00000000c9a00000|100%| O|  |TAMS 0x00000000c9900000| PB 0x00000000c9900000| Untracked |  0
|  76|0x00000000c9a00000, 0x00000000c9b00000, 0x00000000c9b00000|100%| E|CS|TAMS 0x00000000c9a00000| PB 0x00000000c9a00000| Complete |  0
|  77|0x00000000c9b00000, 0x00000000c9c00000, 0x00000000c9c00000|100%| E|CS|TAMS 0x00000000c9b00000| PB 0x00000000c9b00000| Complete |  0
|  78|0x00000000c9c00000, 0x00000000c9d00000, 0x00000000c9d00000|100%| E|CS|TAMS 0x00000000c9c00000| PB 0x00000000c9c00000| Complete |  0
|  79|0x00000000c9d00000, 0x00000000c9e00000, 0x00000000c9e00000|100%| E|CS|TAMS 0x00000000c9d00000| PB 0x00000000c9d00000| Complete |  0
|  80|0x00000000c9e00000, 0x00000000c9f00000, 0x00000000c9f00000|100%| O|  |TAMS 0x00000000c9e00000| PB 0x00000000c9e00000| Untracked |  0
|  81|0x00000000c9f00000, 0x00000000ca000000, 0x00000000ca000000|100%| O|  |TAMS 0x00000000c9f00000| PB 0x00000000c9f00000| Untracked |  0
|  82|0x00000000ca000000, 0x00000000ca100000, 0x00000000ca100000|100%| O|  |TAMS 0x00000000ca000000| PB 0x00000000ca000000| Untracked |  0
|  83|0x00000000ca100000, 0x00000000ca200000, 0x00000000ca200000|100%| O|  |TAMS 0x00000000ca100000| PB 0x00000000ca100000| Untracked |  0
|  84|0x00000000ca200000, 0x00000000ca300000, 0x00000000ca300000|100%| O|  |TAMS 0x00000000ca200000| PB 0x00000000ca200000| Untracked |  0
|  85|0x00000000ca300000, 0x00000000ca400000, 0x00000000ca400000|100%| O|CS|TAMS 0x00000000ca300000| PB 0x00000000ca300000| Complete |  0
|  86|0x00000000ca400000, 0x00000000ca500000, 0x00000000ca500000|100%| O|CS|TAMS 0x00000000ca400000| PB 0x00000000ca400000| Complete |  0
|  87|0x00000000ca500000, 0x00000000ca600000, 0x00000000ca600000|100%| O|  |TAMS 0x00000000ca500000| PB 0x00000000ca500000| Untracked |  0
|  88|0x00000000ca600000, 0x00000000ca700000, 0x00000000ca700000|100%| O|  |TAMS 0x00000000ca600000| PB 0x00000000ca600000| Untracked |  0
|  89|0x00000000ca700000, 0x00000000ca800000, 0x00000000ca800000|100%| O|  |TAMS 0x00000000ca700000| PB 0x00000000ca700000| Untracked |  0
|  90|0x00000000ca800000, 0x00000000ca900000, 0x00000000ca900000|100%| O|  |TAMS 0x00000000ca800000| PB 0x00000000ca800000| Untracked |  0
|  91|0x00000000ca900000, 0x00000000caa00000, 0x00000000caa00000|100%| E|CS|TAMS 0x00000000ca900000| PB 0x00000000ca900000| Complete |  0
|  92|0x00000000caa00000, 0x00000000cab00000, 0x00000000cab00000|100%| E|CS|TAMS 0x00000000caa00000| PB 0x00000000caa00000| Complete |  0
|  93|0x00000000cab00000, 0x00000000cac00000, 0x00000000cac00000|100%| E|CS|TAMS 0x00000000cab00000| PB 0x00000000cab00000| Complete |  0
|  94|0x00000000cac00000, 0x00000000cad00000, 0x00000000cad00000|100%| E|CS|TAMS 0x00000000cac00000| PB 0x00000000cac00000| Complete |  0
|  95|0x00000000cad00000, 0x00000000cae00000, 0x00000000cae00000|100%| E|CS|TAMS 0x00000000cad00000| PB 0x00000000cad00000| Complete |  0
|  96|0x00000000cae00000, 0x00000000caf00000, 0x00000000caf00000|100%| E|CS|TAMS 0x00000000cae00000| PB 0x00000000cae00000| Complete |  0
|  97|0x00000000caf00000, 0x00000000cb000000, 0x00000000cb000000|100%| E|CS|TAMS 0x00000000caf00000| PB 0x00000000caf00000| Complete |  0
|  98|0x00000000cb000000, 0x00000000cb100000, 0x00000000cb100000|100%| E|CS|TAMS 0x00000000cb000000| PB 0x00000000cb000000| Complete |  0
|  99|0x00000000cb100000, 0x00000000cb200000, 0x00000000cb200000|100%| E|CS|TAMS 0x00000000cb100000| PB 0x00000000cb100000| Complete |  0
| 100|0x00000000cb200000, 0x00000000cb300000, 0x00000000cb300000|100%| O|  |TAMS 0x00000000cb200000| PB 0x00000000cb200000| Untracked |  0
| 101|0x00000000cb300000, 0x00000000cb400000, 0x00000000cb400000|100%| O|  |TAMS 0x00000000cb300000| PB 0x00000000cb300000| Untracked |  0
| 102|0x00000000cb400000, 0x00000000cb500000, 0x00000000cb500000|100%| E|CS|TAMS 0x00000000cb400000| PB 0x00000000cb400000| Complete |  0
| 103|0x00000000cb500000, 0x00000000cb600000, 0x00000000cb600000|100%| E|CS|TAMS 0x00000000cb500000| PB 0x00000000cb500000| Complete |  0
| 104|0x00000000cb600000, 0x00000000cb700000, 0x00000000cb700000|100%| E|CS|TAMS 0x00000000cb600000| PB 0x00000000cb600000| Complete |  0
| 105|0x00000000cb700000, 0x00000000cb800000, 0x00000000cb800000|100%| E|CS|TAMS 0x00000000cb700000| PB 0x00000000cb700000| Complete |  0
| 106|0x00000000cb800000, 0x00000000cb900000, 0x00000000cb900000|100%| E|CS|TAMS 0x00000000cb800000| PB 0x00000000cb800000| Complete |  0
| 107|0x00000000cb900000, 0x00000000cba00000, 0x00000000cba00000|100%| E|CS|TAMS 0x00000000cb900000| PB 0x00000000cb900000| Complete |  0
| 108|0x00000000cba00000, 0x00000000cbb00000, 0x00000000cbb00000|100%| E|CS|TAMS 0x00000000cba00000| PB 0x00000000cba00000| Complete |  0
| 109|0x00000000cbb00000, 0x00000000cbc00000, 0x00000000cbc00000|100%|HS|  |TAMS 0x00000000cbb00000| PB 0x00000000cbb00000| Complete |  0
| 110|0x00000000cbc00000, 0x00000000cbd00000, 0x00000000cbd00000|100%| E|CS|TAMS 0x00000000cbc00000| PB 0x00000000cbc00000| Complete |  0
| 111|0x00000000cbd00000, 0x00000000cbe00000, 0x00000000cbe00000|100%| O|  |TAMS 0x00000000cbd00000| PB 0x00000000cbd00000| Untracked |  0
| 112|0x00000000cbe00000, 0x00000000cbf00000, 0x00000000cbf00000|100%| O|  |TAMS 0x00000000cbe00000| PB 0x00000000cbe00000| Untracked |  0
| 113|0x00000000cbf00000, 0x00000000cc000000, 0x00000000cc000000|100%| O|  |TAMS 0x00000000cbf00000| PB 0x00000000cbf00000| Untracked |  0
| 114|0x00000000cc000000, 0x00000000cc100000, 0x00000000cc100000|100%| O|  |TAMS 0x00000000cc000000| PB 0x00000000cc000000| Untracked |  0
| 115|0x00000000cc100000, 0x00000000cc200000, 0x00000000cc200000|100%| O|  |TAMS 0x00000000cc100000| PB 0x00000000cc100000| Untracked |  0
| 116|0x00000000cc200000, 0x00000000cc300000, 0x00000000cc300000|100%| O|  |TAMS 0x00000000cc200000| PB 0x00000000cc200000| Untracked |  0
| 117|0x00000000cc300000, 0x00000000cc400000, 0x00000000cc400000|100%| O|  |TAMS 0x00000000cc300000| PB 0x00000000cc300000| Untracked |  0
| 118|0x00000000cc400000, 0x00000000cc500000, 0x00000000cc500000|100%| O|  |TAMS 0x00000000cc400000| PB 0x00000000cc400000| Untracked |  0
| 119|0x00000000cc500000, 0x00000000cc600000, 0x00000000cc600000|100%| O|  |TAMS 0x00000000cc500000| PB 0x00000000cc500000| Untracked |  0
| 120|0x00000000cc600000, 0x00000000cc700000, 0x00000000cc700000|100%| O|  |TAMS 0x00000000cc600000| PB 0x00000000cc600000| Untracked |  0
| 121|0x00000000cc700000, 0x00000000cc800000, 0x00000000cc800000|100%| O|  |TAMS 0x00000000cc700000| PB 0x00000000cc700000| Untracked |  0
| 122|0x00000000cc800000, 0x00000000cc900000, 0x00000000cc900000|100%| O|  |TAMS 0x00000000cc800000| PB 0x00000000cc800000| Untracked |  0
| 123|0x00000000cc900000, 0x00000000cc95c5c0, 0x00000000cca00000| 36%| S|  |TAMS 0x00000000cc900000| PB 0x00000000cc900000| Complete |  0
| 124|0x00000000cca00000, 0x00000000ccb00000, 0x00000000ccb00000|100%| S|  |TAMS 0x00000000cca00000| PB 0x00000000cca00000| Complete |  0
| 125|0x00000000ccb00000, 0x00000000ccc00000, 0x00000000ccc00000|100%| S|  |TAMS 0x00000000ccb00000| PB 0x00000000ccb00000| Complete |  0
| 126|0x00000000ccc00000, 0x00000000ccd00000, 0x00000000ccd00000|100%| S|  |TAMS 0x00000000ccc00000| PB 0x00000000ccc00000| Complete |  0
| 127|0x00000000ccd00000, 0x00000000cce00000, 0x00000000cce00000|100%| S|  |TAMS 0x00000000ccd00000| PB 0x00000000ccd00000| Complete |  0
| 128|0x00000000cce00000, 0x00000000ccf00000, 0x00000000ccf00000|100%| S|  |TAMS 0x00000000cce00000| PB 0x00000000cce00000| Complete |  0
| 129|0x00000000ccf00000, 0x00000000cd000000, 0x00000000cd000000|100%| S|  |TAMS 0x00000000ccf00000| PB 0x00000000ccf00000| Complete |  0
| 130|0x00000000cd000000, 0x00000000cd100000, 0x00000000cd100000|100%| S|  |TAMS 0x00000000cd000000| PB 0x00000000cd000000| Complete |  0
| 131|0x00000000cd100000, 0x00000000cd200000, 0x00000000cd200000|100%| S|  |TAMS 0x00000000cd100000| PB 0x00000000cd100000| Complete |  0
| 132|0x00000000cd200000, 0x00000000cd300000, 0x00000000cd300000|100%| S|  |TAMS 0x00000000cd200000| PB 0x00000000cd200000| Complete |  0
| 133|0x00000000cd300000, 0x00000000cd400000, 0x00000000cd400000|100%| S|  |TAMS 0x00000000cd300000| PB 0x00000000cd300000| Complete |  0
| 134|0x00000000cd400000, 0x00000000cd500000, 0x00000000cd500000|100%| S|  |TAMS 0x00000000cd400000| PB 0x00000000cd400000| Complete |  0
| 135|0x00000000cd500000, 0x00000000cd600000, 0x00000000cd600000|100%| S|  |TAMS 0x00000000cd500000| PB 0x00000000cd500000| Complete |  0
| 136|0x00000000cd600000, 0x00000000cd700000, 0x00000000cd700000|100%| S|  |TAMS 0x00000000cd600000| PB 0x00000000cd600000| Complete |  0
| 137|0x00000000cd700000, 0x00000000cd800000, 0x00000000cd800000|100%| E|CS|TAMS 0x00000000cd700000| PB 0x00000000cd700000| Complete |  0
| 138|0x00000000cd800000, 0x00000000cd900000, 0x00000000cd900000|100%| E|CS|TAMS 0x00000000cd800000| PB 0x00000000cd800000| Complete |  0
| 139|0x00000000cd900000, 0x00000000cda00000, 0x00000000cda00000|100%| E|CS|TAMS 0x00000000cd900000| PB 0x00000000cd900000| Complete |  0
| 140|0x00000000cda00000, 0x00000000cdb00000, 0x00000000cdb00000|100%| E|CS|TAMS 0x00000000cda00000| PB 0x00000000cda00000| Complete |  0
| 141|0x00000000cdb00000, 0x00000000cdc00000, 0x00000000cdc00000|100%| E|CS|TAMS 0x00000000cdb00000| PB 0x00000000cdb00000| Complete |  0
| 142|0x00000000cdc00000, 0x00000000cdd00000, 0x00000000cdd00000|100%| E|CS|TAMS 0x00000000cdc00000| PB 0x00000000cdc00000| Complete |  0
| 143|0x00000000cdd00000, 0x00000000cde00000, 0x00000000cde00000|100%| E|CS|TAMS 0x00000000cdd00000| PB 0x00000000cdd00000| Complete |  0
| 144|0x00000000cde00000, 0x00000000cdf00000, 0x00000000cdf00000|100%| E|CS|TAMS 0x00000000cde00000| PB 0x00000000cde00000| Complete |  0
| 145|0x00000000cdf00000, 0x00000000ce000000, 0x00000000ce000000|100%| E|CS|TAMS 0x00000000cdf00000| PB 0x00000000cdf00000| Complete |  0
| 146|0x00000000ce000000, 0x00000000ce100000, 0x00000000ce100000|100%| E|CS|TAMS 0x00000000ce000000| PB 0x00000000ce000000| Complete |  0
| 147|0x00000000ce100000, 0x00000000ce200000, 0x00000000ce200000|100%| E|CS|TAMS 0x00000000ce100000| PB 0x00000000ce100000| Complete |  0
| 148|0x00000000ce200000, 0x00000000ce300000, 0x00000000ce300000|100%| E|CS|TAMS 0x00000000ce200000| PB 0x00000000ce200000| Complete |  0
| 149|0x00000000ce300000, 0x00000000ce400000, 0x00000000ce400000|100%| E|CS|TAMS 0x00000000ce300000| PB 0x00000000ce300000| Complete |  0
| 150|0x00000000ce400000, 0x00000000ce500000, 0x00000000ce500000|100%| E|CS|TAMS 0x00000000ce400000| PB 0x00000000ce400000| Complete |  0
| 151|0x00000000ce500000, 0x00000000ce600000, 0x00000000ce600000|100%| E|CS|TAMS 0x00000000ce500000| PB 0x00000000ce500000| Complete |  0
| 152|0x00000000ce600000, 0x00000000ce700000, 0x00000000ce700000|100%| E|CS|TAMS 0x00000000ce600000| PB 0x00000000ce600000| Complete |  0
| 153|0x00000000ce700000, 0x00000000ce800000, 0x00000000ce800000|100%| E|CS|TAMS 0x00000000ce700000| PB 0x00000000ce700000| Complete |  0
| 154|0x00000000ce800000, 0x00000000ce900000, 0x00000000ce900000|100%| E|CS|TAMS 0x00000000ce800000| PB 0x00000000ce800000| Complete |  0
| 155|0x00000000ce900000, 0x00000000cea00000, 0x00000000cea00000|100%| E|CS|TAMS 0x00000000ce900000| PB 0x00000000ce900000| Complete |  0
| 156|0x00000000cea00000, 0x00000000ceb00000, 0x00000000ceb00000|100%| E|CS|TAMS 0x00000000cea00000| PB 0x00000000cea00000| Complete |  0
| 157|0x00000000ceb00000, 0x00000000cec00000, 0x00000000cec00000|100%| E|CS|TAMS 0x00000000ceb00000| PB 0x00000000ceb00000| Complete |  0
| 158|0x00000000cec00000, 0x00000000ced00000, 0x00000000ced00000|100%| E|CS|TAMS 0x00000000cec00000| PB 0x00000000cec00000| Complete |  0
| 159|0x00000000ced00000, 0x00000000cee00000, 0x00000000cee00000|100%| E|CS|TAMS 0x00000000ced00000| PB 0x00000000ced00000| Complete |  0
| 160|0x00000000cee00000, 0x00000000cef00000, 0x00000000cef00000|100%| E|CS|TAMS 0x00000000cee00000| PB 0x00000000cee00000| Complete |  0
| 161|0x00000000cef00000, 0x00000000cf000000, 0x00000000cf000000|100%| E|CS|TAMS 0x00000000cef00000| PB 0x00000000cef00000| Complete |  0
| 162|0x00000000cf000000, 0x00000000cf100000, 0x00000000cf100000|100%| E|CS|TAMS 0x00000000cf000000| PB 0x00000000cf000000| Complete |  0
| 163|0x00000000cf100000, 0x00000000cf200000, 0x00000000cf200000|100%| E|CS|TAMS 0x00000000cf100000| PB 0x00000000cf100000| Complete |  0
| 164|0x00000000cf200000, 0x00000000cf300000, 0x00000000cf300000|100%| E|CS|TAMS 0x00000000cf200000| PB 0x00000000cf200000| Complete |  0
| 165|0x00000000cf300000, 0x00000000cf400000, 0x00000000cf400000|100%| E|CS|TAMS 0x00000000cf300000| PB 0x00000000cf300000| Complete |  0
| 166|0x00000000cf400000, 0x00000000cf500000, 0x00000000cf500000|100%| E|CS|TAMS 0x00000000cf400000| PB 0x00000000cf400000| Complete |  0
| 167|0x00000000cf500000, 0x00000000cf600000, 0x00000000cf600000|100%| E|CS|TAMS 0x00000000cf500000| PB 0x00000000cf500000| Complete |  0
| 168|0x00000000cf600000, 0x00000000cf700000, 0x00000000cf700000|100%| E|CS|TAMS 0x00000000cf600000| PB 0x00000000cf600000| Complete |  0
| 169|0x00000000cf700000, 0x00000000cf800000, 0x00000000cf800000|100%| E|CS|TAMS 0x00000000cf700000| PB 0x00000000cf700000| Complete |  0
| 170|0x00000000cf800000, 0x00000000cf900000, 0x00000000cf900000|100%| E|CS|TAMS 0x00000000cf800000| PB 0x00000000cf800000| Complete |  0
| 171|0x00000000cf900000, 0x00000000cfa00000, 0x00000000cfa00000|100%| E|CS|TAMS 0x00000000cf900000| PB 0x00000000cf900000| Complete |  0
| 172|0x00000000cfa00000, 0x00000000cfb00000, 0x00000000cfb00000|100%| E|CS|TAMS 0x00000000cfa00000| PB 0x00000000cfa00000| Complete |  0
| 173|0x00000000cfb00000, 0x00000000cfc00000, 0x00000000cfc00000|100%| E|CS|TAMS 0x00000000cfb00000| PB 0x00000000cfb00000| Complete |  0
| 174|0x00000000cfc00000, 0x00000000cfd00000, 0x00000000cfd00000|100%| E|CS|TAMS 0x00000000cfc00000| PB 0x00000000cfc00000| Complete |  0
| 175|0x00000000cfd00000, 0x00000000cfe00000, 0x00000000cfe00000|100%| E|CS|TAMS 0x00000000cfd00000| PB 0x00000000cfd00000| Complete |  0
| 176|0x00000000cfe00000, 0x00000000cff00000, 0x00000000cff00000|100%| E|CS|TAMS 0x00000000cfe00000| PB 0x00000000cfe00000| Complete |  0
| 177|0x00000000cff00000, 0x00000000d0000000, 0x00000000d0000000|100%| E|CS|TAMS 0x00000000cff00000| PB 0x00000000cff00000| Complete |  0
| 178|0x00000000d0000000, 0x00000000d0100000, 0x00000000d0100000|100%| E|CS|TAMS 0x00000000d0000000| PB 0x00000000d0000000| Complete |  0
| 179|0x00000000d0100000, 0x00000000d0200000, 0x00000000d0200000|100%| E|CS|TAMS 0x00000000d0100000| PB 0x00000000d0100000| Complete |  0
| 180|0x00000000d0200000, 0x00000000d0300000, 0x00000000d0300000|100%| E|CS|TAMS 0x00000000d0200000| PB 0x00000000d0200000| Complete |  0
| 181|0x00000000d0300000, 0x00000000d0400000, 0x00000000d0400000|100%| E|CS|TAMS 0x00000000d0300000| PB 0x00000000d0300000| Complete |  0
| 182|0x00000000d0400000, 0x00000000d0500000, 0x00000000d0500000|100%| E|CS|TAMS 0x00000000d0400000| PB 0x00000000d0400000| Complete |  0
| 183|0x00000000d0500000, 0x00000000d0600000, 0x00000000d0600000|100%| E|CS|TAMS 0x00000000d0500000| PB 0x00000000d0500000| Complete |  0
| 184|0x00000000d0600000, 0x00000000d0700000, 0x00000000d0700000|100%| E|CS|TAMS 0x00000000d0600000| PB 0x00000000d0600000| Complete |  0
| 185|0x00000000d0700000, 0x00000000d0800000, 0x00000000d0800000|100%| E|CS|TAMS 0x00000000d0700000| PB 0x00000000d0700000| Complete |  0
| 186|0x00000000d0800000, 0x00000000d0900000, 0x00000000d0900000|100%| E|CS|TAMS 0x00000000d0800000| PB 0x00000000d0800000| Complete |  0
| 187|0x00000000d0900000, 0x00000000d0a00000, 0x00000000d0a00000|100%| E|CS|TAMS 0x00000000d0900000| PB 0x00000000d0900000| Complete |  0
| 188|0x00000000d0a00000, 0x00000000d0b00000, 0x00000000d0b00000|100%| E|CS|TAMS 0x00000000d0a00000| PB 0x00000000d0a00000| Complete |  0
| 189|0x00000000d0b00000, 0x00000000d0c00000, 0x00000000d0c00000|100%| E|CS|TAMS 0x00000000d0b00000| PB 0x00000000d0b00000| Complete |  0
| 190|0x00000000d0c00000, 0x00000000d0d00000, 0x00000000d0d00000|100%| E|CS|TAMS 0x00000000d0c00000| PB 0x00000000d0c00000| Complete |  0
| 191|0x00000000d0d00000, 0x00000000d0e00000, 0x00000000d0e00000|100%| E|CS|TAMS 0x00000000d0d00000| PB 0x00000000d0d00000| Complete |  0
| 192|0x00000000d0e00000, 0x00000000d0f00000, 0x00000000d0f00000|100%| E|CS|TAMS 0x00000000d0e00000| PB 0x00000000d0e00000| Complete |  0
| 193|0x00000000d0f00000, 0x00000000d1000000, 0x00000000d1000000|100%| E|CS|TAMS 0x00000000d0f00000| PB 0x00000000d0f00000| Complete |  0
| 194|0x00000000d1000000, 0x00000000d1100000, 0x00000000d1100000|100%| E|CS|TAMS 0x00000000d1000000| PB 0x00000000d1000000| Complete |  0
| 195|0x00000000d1100000, 0x00000000d1200000, 0x00000000d1200000|100%| E|CS|TAMS 0x00000000d1100000| PB 0x00000000d1100000| Complete |  0
| 196|0x00000000d1200000, 0x00000000d1300000, 0x00000000d1300000|100%| E|CS|TAMS 0x00000000d1200000| PB 0x00000000d1200000| Complete |  0
| 197|0x00000000d1300000, 0x00000000d1400000, 0x00000000d1400000|100%| E|CS|TAMS 0x00000000d1300000| PB 0x00000000d1300000| Complete |  0
| 198|0x00000000d1400000, 0x00000000d1500000, 0x00000000d1500000|100%| E|CS|TAMS 0x00000000d1400000| PB 0x00000000d1400000| Complete |  0
| 199|0x00000000d1500000, 0x00000000d1600000, 0x00000000d1600000|100%| E|CS|TAMS 0x00000000d1500000| PB 0x00000000d1500000| Complete |  0
| 200|0x00000000d1600000, 0x00000000d1700000, 0x00000000d1700000|100%| E|CS|TAMS 0x00000000d1600000| PB 0x00000000d1600000| Complete |  0
| 201|0x00000000d1700000, 0x00000000d1800000, 0x00000000d1800000|100%| E|CS|TAMS 0x00000000d1700000| PB 0x00000000d1700000| Complete |  0
| 202|0x00000000d1800000, 0x00000000d1900000, 0x00000000d1900000|100%| E|CS|TAMS 0x00000000d1800000| PB 0x00000000d1800000| Complete |  0
| 203|0x00000000d1900000, 0x00000000d1a00000, 0x00000000d1a00000|100%| E|CS|TAMS 0x00000000d1900000| PB 0x00000000d1900000| Complete |  0
| 204|0x00000000d1a00000, 0x00000000d1b00000, 0x00000000d1b00000|100%| E|CS|TAMS 0x00000000d1a00000| PB 0x00000000d1a00000| Complete |  0
| 205|0x00000000d1b00000, 0x00000000d1c00000, 0x00000000d1c00000|100%| E|CS|TAMS 0x00000000d1b00000| PB 0x00000000d1b00000| Complete |  0
| 206|0x00000000d1c00000, 0x00000000d1d00000, 0x00000000d1d00000|100%| E|CS|TAMS 0x00000000d1c00000| PB 0x00000000d1c00000| Complete |  0
| 207|0x00000000d1d00000, 0x00000000d1e00000, 0x00000000d1e00000|100%| E|CS|TAMS 0x00000000d1d00000| PB 0x00000000d1d00000| Complete |  0
| 208|0x00000000d1e00000, 0x00000000d1f00000, 0x00000000d1f00000|100%| E|CS|TAMS 0x00000000d1e00000| PB 0x00000000d1e00000| Complete |  0
| 209|0x00000000d1f00000, 0x00000000d2000000, 0x00000000d2000000|100%| E|CS|TAMS 0x00000000d1f00000| PB 0x00000000d1f00000| Complete |  0
| 210|0x00000000d2000000, 0x00000000d2100000, 0x00000000d2100000|100%| E|CS|TAMS 0x00000000d2000000| PB 0x00000000d2000000| Complete |  0
| 211|0x00000000d2100000, 0x00000000d2200000, 0x00000000d2200000|100%| E|CS|TAMS 0x00000000d2100000| PB 0x00000000d2100000| Complete |  0
| 212|0x00000000d2200000, 0x00000000d2300000, 0x00000000d2300000|100%| E|CS|TAMS 0x00000000d2200000| PB 0x00000000d2200000| Complete |  0
| 213|0x00000000d2300000, 0x00000000d2400000, 0x00000000d2400000|100%| E|CS|TAMS 0x00000000d2300000| PB 0x00000000d2300000| Complete |  0
| 214|0x00000000d2400000, 0x00000000d2500000, 0x00000000d2500000|100%| E|CS|TAMS 0x00000000d2400000| PB 0x00000000d2400000| Complete |  0
| 215|0x00000000d2500000, 0x00000000d2600000, 0x00000000d2600000|100%| E|CS|TAMS 0x00000000d2500000| PB 0x00000000d2500000| Complete |  0
| 216|0x00000000d2600000, 0x00000000d2700000, 0x00000000d2700000|100%| E|CS|TAMS 0x00000000d2600000| PB 0x00000000d2600000| Complete |  0
| 217|0x00000000d2700000, 0x00000000d2800000, 0x00000000d2800000|100%| E|CS|TAMS 0x00000000d2700000| PB 0x00000000d2700000| Complete |  0
| 218|0x00000000d2800000, 0x00000000d2900000, 0x00000000d2900000|100%| E|CS|TAMS 0x00000000d2800000| PB 0x00000000d2800000| Complete |  0
| 219|0x00000000d2900000, 0x00000000d2a00000, 0x00000000d2a00000|100%| E|CS|TAMS 0x00000000d2900000| PB 0x00000000d2900000| Complete |  0
| 220|0x00000000d2a00000, 0x00000000d2b00000, 0x00000000d2b00000|100%| E|CS|TAMS 0x00000000d2a00000| PB 0x00000000d2a00000| Complete |  0
| 221|0x00000000d2b00000, 0x00000000d2c00000, 0x00000000d2c00000|100%| E|CS|TAMS 0x00000000d2b00000| PB 0x00000000d2b00000| Complete |  0
| 222|0x00000000d2c00000, 0x00000000d2d00000, 0x00000000d2d00000|100%| E|CS|TAMS 0x00000000d2c00000| PB 0x00000000d2c00000| Complete |  0
| 223|0x00000000d2d00000, 0x00000000d2e00000, 0x00000000d2e00000|100%| E|CS|TAMS 0x00000000d2d00000| PB 0x00000000d2d00000| Complete |  0
| 224|0x00000000d2e00000, 0x00000000d2f00000, 0x00000000d2f00000|100%| E|CS|TAMS 0x00000000d2e00000| PB 0x00000000d2e00000| Complete |  0
| 225|0x00000000d2f00000, 0x00000000d3000000, 0x00000000d3000000|100%| E|CS|TAMS 0x00000000d2f00000| PB 0x00000000d2f00000| Complete |  0
| 226|0x00000000d3000000, 0x00000000d3100000, 0x00000000d3100000|100%| E|CS|TAMS 0x00000000d3000000| PB 0x00000000d3000000| Complete |  0
| 227|0x00000000d3100000, 0x00000000d3200000, 0x00000000d3200000|100%| E|CS|TAMS 0x00000000d3100000| PB 0x00000000d3100000| Complete |  0
| 228|0x00000000d3200000, 0x00000000d3300000, 0x00000000d3300000|100%| E|CS|TAMS 0x00000000d3200000| PB 0x00000000d3200000| Complete |  0
| 229|0x00000000d3300000, 0x00000000d3400000, 0x00000000d3400000|100%| E|CS|TAMS 0x00000000d3300000| PB 0x00000000d3300000| Complete |  0
| 230|0x00000000d3400000, 0x00000000d3500000, 0x00000000d3500000|100%| E|CS|TAMS 0x00000000d3400000| PB 0x00000000d3400000| Complete |  0
| 231|0x00000000d3500000, 0x00000000d3600000, 0x00000000d3600000|100%| E|CS|TAMS 0x00000000d3500000| PB 0x00000000d3500000| Complete |  0
| 232|0x00000000d3600000, 0x00000000d3700000, 0x00000000d3700000|100%| E|CS|TAMS 0x00000000d3600000| PB 0x00000000d3600000| Complete |  0
| 233|0x00000000d3700000, 0x00000000d3800000, 0x00000000d3800000|100%| E|CS|TAMS 0x00000000d3700000| PB 0x00000000d3700000| Complete |  0
| 234|0x00000000d3800000, 0x00000000d3900000, 0x00000000d3900000|100%| E|CS|TAMS 0x00000000d3800000| PB 0x00000000d3800000| Complete |  0
| 235|0x00000000d3900000, 0x00000000d3a00000, 0x00000000d3a00000|100%| E|CS|TAMS 0x00000000d3900000| PB 0x00000000d3900000| Complete |  0
| 236|0x00000000d3a00000, 0x00000000d3b00000, 0x00000000d3b00000|100%| E|CS|TAMS 0x00000000d3a00000| PB 0x00000000d3a00000| Complete |  0
| 237|0x00000000d3b00000, 0x00000000d3c00000, 0x00000000d3c00000|100%| E|CS|TAMS 0x00000000d3b00000| PB 0x00000000d3b00000| Complete |  0
| 238|0x00000000d3c00000, 0x00000000d3d00000, 0x00000000d3d00000|100%| E|CS|TAMS 0x00000000d3c00000| PB 0x00000000d3c00000| Complete |  0
| 239|0x00000000d3d00000, 0x00000000d3e00000, 0x00000000d3e00000|100%| E|CS|TAMS 0x00000000d3d00000| PB 0x00000000d3d00000| Complete |  0
| 240|0x00000000d3e00000, 0x00000000d3f00000, 0x00000000d3f00000|100%| E|CS|TAMS 0x00000000d3e00000| PB 0x00000000d3e00000| Complete |  0
| 241|0x00000000d3f00000, 0x00000000d4000000, 0x00000000d4000000|100%| E|CS|TAMS 0x00000000d3f00000| PB 0x00000000d3f00000| Complete |  0
| 242|0x00000000d4000000, 0x00000000d4100000, 0x00000000d4100000|100%| E|CS|TAMS 0x00000000d4000000| PB 0x00000000d4000000| Complete |  0
| 243|0x00000000d4100000, 0x00000000d4200000, 0x00000000d4200000|100%| E|CS|TAMS 0x00000000d4100000| PB 0x00000000d4100000| Complete |  0
| 244|0x00000000d4200000, 0x00000000d4300000, 0x00000000d4300000|100%| E|CS|TAMS 0x00000000d4200000| PB 0x00000000d4200000| Complete |  0
| 245|0x00000000d4300000, 0x00000000d4400000, 0x00000000d4400000|100%| E|CS|TAMS 0x00000000d4300000| PB 0x00000000d4300000| Complete |  0
| 246|0x00000000d4400000, 0x00000000d4500000, 0x00000000d4500000|100%| E|CS|TAMS 0x00000000d4400000| PB 0x00000000d4400000| Complete |  0
| 247|0x00000000d4500000, 0x00000000d4600000, 0x00000000d4600000|100%| E|CS|TAMS 0x00000000d4500000| PB 0x00000000d4500000| Complete |  0
| 248|0x00000000d4600000, 0x00000000d4700000, 0x00000000d4700000|100%| E|CS|TAMS 0x00000000d4600000| PB 0x00000000d4600000| Complete |  0
| 249|0x00000000d4700000, 0x00000000d4800000, 0x00000000d4800000|100%| E|CS|TAMS 0x00000000d4700000| PB 0x00000000d4700000| Complete |  0
| 250|0x00000000d4800000, 0x00000000d4900000, 0x00000000d4900000|100%| E|CS|TAMS 0x00000000d4800000| PB 0x00000000d4800000| Complete |  0
| 251|0x00000000d4900000, 0x00000000d4a00000, 0x00000000d4a00000|100%| E|CS|TAMS 0x00000000d4900000| PB 0x00000000d4900000| Complete |  0
| 252|0x00000000d4a00000, 0x00000000d4b00000, 0x00000000d4b00000|100%| E|CS|TAMS 0x00000000d4a00000| PB 0x00000000d4a00000| Complete |  0
| 253|0x00000000d4b00000, 0x00000000d4c00000, 0x00000000d4c00000|100%| E|CS|TAMS 0x00000000d4b00000| PB 0x00000000d4b00000| Complete |  0
| 254|0x00000000d4c00000, 0x00000000d4d00000, 0x00000000d4d00000|100%| E|CS|TAMS 0x00000000d4c00000| PB 0x00000000d4c00000| Complete |  0
| 255|0x00000000d4d00000, 0x00000000d4e00000, 0x00000000d4e00000|100%| E|CS|TAMS 0x00000000d4d00000| PB 0x00000000d4d00000| Complete |  0
| 256|0x00000000d4e00000, 0x00000000d4f00000, 0x00000000d4f00000|100%| E|CS|TAMS 0x00000000d4e00000| PB 0x00000000d4e00000| Complete |  0
| 257|0x00000000d4f00000, 0x00000000d5000000, 0x00000000d5000000|100%| E|CS|TAMS 0x00000000d4f00000| PB 0x00000000d4f00000| Complete |  0
| 258|0x00000000d5000000, 0x00000000d5100000, 0x00000000d5100000|100%| E|CS|TAMS 0x00000000d5000000| PB 0x00000000d5000000| Complete |  0
| 259|0x00000000d5100000, 0x00000000d5200000, 0x00000000d5200000|100%| E|CS|TAMS 0x00000000d5100000| PB 0x00000000d5100000| Complete |  0
| 260|0x00000000d5200000, 0x00000000d5300000, 0x00000000d5300000|100%| E|CS|TAMS 0x00000000d5200000| PB 0x00000000d5200000| Complete |  0
| 261|0x00000000d5300000, 0x00000000d5400000, 0x00000000d5400000|100%| E|CS|TAMS 0x00000000d5300000| PB 0x00000000d5300000| Complete |  0
| 262|0x00000000d5400000, 0x00000000d5500000, 0x00000000d5500000|100%| E|CS|TAMS 0x00000000d5400000| PB 0x00000000d5400000| Complete |  0
| 263|0x00000000d5500000, 0x00000000d5600000, 0x00000000d5600000|100%| E|CS|TAMS 0x00000000d5500000| PB 0x00000000d5500000| Complete |  0
| 264|0x00000000d5600000, 0x00000000d5700000, 0x00000000d5700000|100%| E|CS|TAMS 0x00000000d5600000| PB 0x00000000d5600000| Complete |  0
| 265|0x00000000d5700000, 0x00000000d5800000, 0x00000000d5800000|100%| E|CS|TAMS 0x00000000d5700000| PB 0x00000000d5700000| Complete |  0
| 266|0x00000000d5800000, 0x00000000d5900000, 0x00000000d5900000|100%| E|CS|TAMS 0x00000000d5800000| PB 0x00000000d5800000| Complete |  0
| 267|0x00000000d5900000, 0x00000000d5a00000, 0x00000000d5a00000|100%| E|CS|TAMS 0x00000000d5900000| PB 0x00000000d5900000| Complete |  0
| 268|0x00000000d5a00000, 0x00000000d5b00000, 0x00000000d5b00000|100%| E|CS|TAMS 0x00000000d5a00000| PB 0x00000000d5a00000| Complete |  0
| 269|0x00000000d5b00000, 0x00000000d5c00000, 0x00000000d5c00000|100%| E|CS|TAMS 0x00000000d5b00000| PB 0x00000000d5b00000| Complete |  0
| 270|0x00000000d5c00000, 0x00000000d5d00000, 0x00000000d5d00000|100%| E|CS|TAMS 0x00000000d5c00000| PB 0x00000000d5c00000| Complete |  0
| 271|0x00000000d5d00000, 0x00000000d5e00000, 0x00000000d5e00000|100%| E|CS|TAMS 0x00000000d5d00000| PB 0x00000000d5d00000| Complete |  0
| 272|0x00000000d5e00000, 0x00000000d5f00000, 0x00000000d5f00000|100%| E|CS|TAMS 0x00000000d5e00000| PB 0x00000000d5e00000| Complete |  0
| 273|0x00000000d5f00000, 0x00000000d6000000, 0x00000000d6000000|100%| E|CS|TAMS 0x00000000d5f00000| PB 0x00000000d5f00000| Complete |  0
| 274|0x00000000d6000000, 0x00000000d6100000, 0x00000000d6100000|100%| E|CS|TAMS 0x00000000d6000000| PB 0x00000000d6000000| Complete |  0
| 275|0x00000000d6100000, 0x00000000d6200000, 0x00000000d6200000|100%| E|CS|TAMS 0x00000000d6100000| PB 0x00000000d6100000| Complete |  0
| 276|0x00000000d6200000, 0x00000000d6300000, 0x00000000d6300000|100%| E|CS|TAMS 0x00000000d6200000| PB 0x00000000d6200000| Complete |  0
| 277|0x00000000d6300000, 0x00000000d6400000, 0x00000000d6400000|100%| E|CS|TAMS 0x00000000d6300000| PB 0x00000000d6300000| Complete |  0
| 278|0x00000000d6400000, 0x00000000d6500000, 0x00000000d6500000|100%| E|CS|TAMS 0x00000000d6400000| PB 0x00000000d6400000| Complete |  0
| 919|0x00000000fe500000, 0x00000000fe600000, 0x00000000fe600000|100%| O|  |TAMS 0x00000000fe500000| PB 0x00000000fe500000| Untracked |  0
| 920|0x00000000fe600000, 0x00000000fe700000, 0x00000000fe700000|100%| O|  |TAMS 0x00000000fe600000| PB 0x00000000fe600000| Untracked |  0
| 921|0x00000000fe700000, 0x00000000fe800000, 0x00000000fe800000|100%| O|  |TAMS 0x00000000fe700000| PB 0x00000000fe700000| Untracked |  0
| 922|0x00000000fe800000, 0x00000000fe900000, 0x00000000fe900000|100%| O|  |TAMS 0x00000000fe800000| PB 0x00000000fe800000| Untracked |  0
| 923|0x00000000fe900000, 0x00000000fea00000, 0x00000000fea00000|100%| O|  |TAMS 0x00000000fe900000| PB 0x00000000fe900000| Untracked |  0
| 924|0x00000000fea00000, 0x00000000feb00000, 0x00000000feb00000|100%| O|  |TAMS 0x00000000fea00000| PB 0x00000000fea00000| Untracked |  0
| 925|0x00000000feb00000, 0x00000000fec00000, 0x00000000fec00000|100%| O|  |TAMS 0x00000000feb00000| PB 0x00000000feb00000| Untracked |  0
| 926|0x00000000fec00000, 0x00000000fed00000, 0x00000000fed00000|100%| O|  |TAMS 0x00000000fec00000| PB 0x00000000fec00000| Untracked |  0
| 927|0x00000000fed00000, 0x00000000fee00000, 0x00000000fee00000|100%| O|  |TAMS 0x00000000fed00000| PB 0x00000000fed00000| Untracked |  0
| 928|0x00000000fee00000, 0x00000000fef00000, 0x00000000fef00000|100%| O|  |TAMS 0x00000000fee00000| PB 0x00000000fee00000| Untracked |  0
| 929|0x00000000fef00000, 0x00000000ff000000, 0x00000000ff000000|100%| E|CS|TAMS 0x00000000fef00000| PB 0x00000000fef00000| Complete |  0
| 930|0x00000000ff000000, 0x00000000ff100000, 0x00000000ff100000|100%| E|CS|TAMS 0x00000000ff000000| PB 0x00000000ff000000| Complete |  0
| 931|0x00000000ff100000, 0x00000000ff200000, 0x00000000ff200000|100%| E|CS|TAMS 0x00000000ff100000| PB 0x00000000ff100000| Complete |  0
| 932|0x00000000ff200000, 0x00000000ff300000, 0x00000000ff300000|100%| O|  |TAMS 0x00000000ff200000| PB 0x00000000ff200000| Untracked |  0
| 933|0x00000000ff300000, 0x00000000ff400000, 0x00000000ff400000|100%| O|  |TAMS 0x00000000ff300000| PB 0x00000000ff300000| Untracked |  0
| 934|0x00000000ff400000, 0x00000000ff500000, 0x00000000ff500000|100%| O|  |TAMS 0x00000000ff400000| PB 0x00000000ff400000| Untracked |  0
| 935|0x00000000ff500000, 0x00000000ff600000, 0x00000000ff600000|100%| O|  |TAMS 0x00000000ff500000| PB 0x00000000ff500000| Untracked |  0
| 936|0x00000000ff600000, 0x00000000ff700000, 0x00000000ff700000|100%| O|  |TAMS 0x00000000ff600000| PB 0x00000000ff600000| Untracked |  0
| 937|0x00000000ff700000, 0x00000000ff800000, 0x00000000ff800000|100%| O|  |TAMS 0x00000000ff700000| PB 0x00000000ff700000| Untracked |  0
| 938|0x00000000ff800000, 0x00000000ff900000, 0x00000000ff900000|100%| O|  |TAMS 0x00000000ff800000| PB 0x00000000ff800000| Untracked |  0
| 939|0x00000000ff900000, 0x00000000ffa00000, 0x00000000ffa00000|100%| O|  |TAMS 0x00000000ff900000| PB 0x00000000ff900000| Untracked |  0
| 940|0x00000000ffa00000, 0x00000000ffb00000, 0x00000000ffb00000|100%| O|  |TAMS 0x00000000ffa00000| PB 0x00000000ffa00000| Untracked |  0
| 941|0x00000000ffb00000, 0x00000000ffc00000, 0x00000000ffc00000|100%| O|  |TAMS 0x00000000ffb00000| PB 0x00000000ffb00000| Untracked |  0
| 942|0x00000000ffc00000, 0x00000000ffd00000, 0x00000000ffd00000|100%| E|CS|TAMS 0x00000000ffc00000| PB 0x00000000ffc00000| Complete |  0
| 943|0x00000000ffd00000, 0x00000000ffe00000, 0x00000000ffe00000|100%| E|CS|TAMS 0x00000000ffd00000| PB 0x00000000ffd00000| Complete |  0
| 944|0x00000000ffe00000, 0x00000000fff00000, 0x00000000fff00000|100%| O|  |TAMS 0x00000000ffe00000| PB 0x00000000ffe00000| Untracked |  0
| 945|0x00000000fff00000, 0x0000000100000000, 0x0000000100000000|100%| E|CS|TAMS 0x00000000fff00000| PB 0x00000000fff00000| Complete |  0

Card table byte_map: [0x000001cf3af70000,0x000001cf3b150000] _byte_map_base: 0x000001cf3a949000

Marking Bits: (CMBitMap*) 0x000001cf33d9b3a0
 Bits: [0x000001cf3b150000, 0x000001cf3c018000)

Polling page: 0x000001cf33500000

Metaspace:
Metaspace        used 91684K, committed 92352K, reserved 1179648K
 class space     used 10235K, committed 10560K, reserved 1048576K

Usage:
  Non-class:     79.54 MB used.
      Class:     10.00 MB used.
       Both:     89.54 MB used.

Virtual space:
  Non-class space:      128.00 MB reserved,      79.88 MB ( 62%) committed,  2 nodes.
      Class space:        1.00 GB reserved,      10.31 MB (  1%) committed,  1 nodes.
             Both:        1.12 GB reserved,      90.19 MB (  8%) committed. 

Chunk freelists:
   Non-Class:  15.69 MB
       Class:  5.55 MB
        Both:  21.24 MB

MaxMetaspaceSize: unlimited
CompressedClassSpaceSize: 1.00 GB
Initial GC threshold: 21.00 MB
Current GC threshold: 147.81 MB
CDS: on
 - commit_granule_bytes: 65536.
 - commit_granule_words: 8192.
 - virtual_space_node_default_size: 8388608.
 - enlarge_chunks_in_place: 1.
UseCompressedClassPointers 1, UseCompactObjectHeaders 0
Narrow klass pointer bits 32, Max shift 3
Narrow klass base: 0x0000000009000000, Narrow klass shift: 0
Encoding Range: [0x0000000009000000 - 0x0000000109000000), (4294967296 bytes)
Klass Range:    [0x0000000009010000 - 0x000000004a000000), (1090453504 bytes)
Klass ID Range:  [65536 - 1090519033) (1090453497)
Protection zone: [0x0000000009000000 - 0x0000000009010000), (65536 bytes)


Internal statistics:

num_allocs_failed_limit: 3.
num_arena_births: 866.
num_arena_deaths: 10.
num_vsnodes_births: 3.
num_vsnodes_deaths: 0.
num_space_committed: 1443.
num_space_uncommitted: 0.
num_chunks_returned_to_freelist: 18.
num_chunks_taken_from_freelist: 4117.
num_chunk_merges: 5.
num_chunk_splits: 3114.
num_chunks_enlarged: 2616.
num_inconsistent_stats: 0.

CodeCache: size=49152Kb used=16047Kb max_used=16047Kb free=33104Kb
 bounds [0x000001cf37a60000, 0x000001cf38a10000, 0x000001cf3aa60000]
 total_blobs=12329, nmethods=11550, adapters=699, full_count=0
Compilation: enabled, stopped_count=0, restarted_count=0

Compilation events (20 events):
Event: 57.188 Thread 0x000001cf451f9b10 14810       1       org.hibernate.grammars.hql.HqlParser$PrimaryExpressionContext::<init> (7 bytes)
Event: 57.188 Thread 0x000001cf451f9b10 nmethod 14810 0x000001cf38a05d88 code [0x000001cf38a05e80, 0x000001cf38a05f98]
Event: 57.188 Thread 0x000001cf451f9b10 14811       1       org.hibernate.grammars.hql.HqlParser$PrimaryExpressionContext::<init> (5 bytes)
Event: 57.188 Thread 0x000001cf451f9b10 nmethod 14811 0x000001cf38a06088 code [0x000001cf38a06180, 0x000001cf38a06248]
Event: 57.188 Thread 0x000001cf451f9b10 14812       1       org.hibernate.grammars.hql.HqlParser$PrimaryExpressionContext::copyFrom (6 bytes)
Event: 57.189 Thread 0x000001cf451f9b10 nmethod 14812 0x000001cf38a06388 code [0x000001cf38a06480, 0x000001cf38a06568]
Event: 57.191 Thread 0x000001cf45153ae0 nmethod 14809 0x000001cf38a06688 code [0x000001cf38a06780, 0x000001cf38a07b10]
Event: 57.194 Thread 0x000001cf3ec5e440 nmethod 14804 0x000001cf38a07b88 code [0x000001cf38a07c80, 0x000001cf38a0ac38]
Event: 57.208 Thread 0x000001cf3ec5e440 14813       1       org.hibernate.grammars.hql.HqlParser$BarePrimaryExpressionContext::accept (26 bytes)
Event: 57.209 Thread 0x000001cf45153ae0 14814       1       org.hibernate.grammars.hql.HqlParserBaseVisitor::visitBarePrimaryExpression (6 bytes)
Event: 57.209 Thread 0x000001cf45153ae0 nmethod 14814 0x000001cf38a0ac88 code [0x000001cf38a0ad80, 0x000001cf38a0ae68]
Event: 57.209 Thread 0x000001cf3ec5e440 nmethod 14813 0x000001cf38a0af88 code [0x000001cf38a0b080, 0x000001cf38a0b2e0]
Event: 57.210 Thread 0x000001cf3ec5e440 14815       1       org.hibernate.query.sqm.tree.domain.AbstractSqmPath$$Lambda/0x000000000a9f2f48::apply (16 bytes)
Event: 57.210 Thread 0x000001cf451f9b10 14816       1       org.hibernate.query.sqm.tree.domain.AbstractSqmPath::lambda$resolvePath$0 (18 bytes)
Event: 57.210 Thread 0x000001cf451f9b10 nmethod 14816 0x000001cf38a0b308 code [0x000001cf38a0b400, 0x000001cf38a0b560]
Event: 57.210 Thread 0x000001cf3ec5e440 nmethod 14815 0x000001cf38a0b608 code [0x000001cf38a0b700, 0x000001cf38a0b8a0]
Event: 57.213 Thread 0x000001cf3ec5e440 14817       1       org.antlr.v4.runtime.atn.ATNConfig::<init> (11 bytes)
Event: 57.214 Thread 0x000001cf3ec5e440 nmethod 14817 0x000001cf38a0b908 code [0x000001cf38a0ba00, 0x000001cf38a0bbe8]
Event: 57.246 Thread 0x000001cf3ec5e440 14818       1       org.hibernate.query.sqm.tree.expression.AbstractSqmExpression::getJavaTypeDescriptor (21 bytes)
Event: 57.246 Thread 0x000001cf3ec5e440 nmethod 14818 0x000001cf38a0bc08 code [0x000001cf38a0bd00, 0x000001cf38a0be78]

GC Heap Usage History (20 events):
Event: 47.001 {heap After GC invocations=42 (full 0):
 garbage-first heap   total reserved 968704K, committed 146432K, used 85071K [0x00000000c4e00000, 0x0000000100000000)
  region size 1024K, 5 young (5120K), 5 survivors (5120K)
}
Event: 47.501 {heap Before GC invocations=42 (full 0):
 garbage-first heap   total reserved 968704K, committed 146432K, used 130127K [0x00000000c4e00000, 0x0000000100000000)
  region size 1024K, 49 young (50176K), 5 survivors (5120K)
}
Event: 47.544 {heap After GC invocations=43 (full 0):
 garbage-first heap   total reserved 968704K, committed 146432K, used 87843K [0x00000000c4e00000, 0x0000000100000000)
  region size 1024K, 3 young (3072K), 3 survivors (3072K)
}
Event: 47.863 {heap Before GC invocations=43 (full 0):
 garbage-first heap   total reserved 968704K, committed 146432K, used 132899K [0x00000000c4e00000, 0x0000000100000000)
  region size 1024K, 47 young (48128K), 3 survivors (3072K)
}
Event: 47.869 {heap After GC invocations=44 (full 0):
 garbage-first heap   total reserved 968704K, committed 146432K, used 89737K [0x00000000c4e00000, 0x0000000100000000)
  region size 1024K, 5 young (5120K), 5 survivors (5120K)
}
Event: 48.025 {heap Before GC invocations=45 (full 0):
 garbage-first heap   total reserved 968704K, committed 150528K, used 133769K [0x00000000c4e00000, 0x0000000100000000)
  region size 1024K, 48 young (49152K), 5 survivors (5120K)
}
Event: 48.032 {heap After GC invocations=46 (full 0):
 garbage-first heap   total reserved 968704K, committed 150528K, used 93463K [0x00000000c4e00000, 0x0000000100000000)
  region size 1024K, 6 young (6144K), 6 survivors (6144K)
}
Event: 48.131 {heap Before GC invocations=46 (full 0):
 garbage-first heap   total reserved 968704K, committed 150528K, used 136471K [0x00000000c4e00000, 0x0000000100000000)
  region size 1024K, 48 young (49152K), 6 survivors (6144K)
}
Event: 48.146 {heap After GC invocations=47 (full 0):
 garbage-first heap   total reserved 968704K, committed 151552K, used 97787K [0x00000000c4e00000, 0x0000000100000000)
  region size 1024K, 6 young (6144K), 6 survivors (6144K)
}
Event: 48.254 {heap Before GC invocations=47 (full 0):
 garbage-first heap   total reserved 968704K, committed 151552K, used 137723K [0x00000000c4e00000, 0x0000000100000000)
  region size 1024K, 45 young (46080K), 6 survivors (6144K)
}
Event: 48.261 {heap After GC invocations=48 (full 0):
 garbage-first heap   total reserved 968704K, committed 303104K, used 100742K [0x00000000c4e00000, 0x0000000100000000)
  region size 1024K, 3 young (3072K), 3 survivors (3072K)
}
Event: 53.375 {heap Before GC invocations=49 (full 0):
 garbage-first heap   total reserved 968704K, committed 303104K, used 277894K [0x00000000c4e00000, 0x0000000100000000)
  region size 1024K, 176 young (180224K), 3 survivors (3072K)
}
Event: 53.462 {heap After GC invocations=50 (full 0):
 garbage-first heap   total reserved 968704K, committed 303104K, used 108072K [0x00000000c4e00000, 0x0000000100000000)
  region size 1024K, 10 young (10240K), 10 survivors (10240K)
}
Event: 54.636 {heap Before GC invocations=50 (full 0):
 garbage-first heap   total reserved 968704K, committed 303104K, used 279080K [0x00000000c4e00000, 0x0000000100000000)
  region size 1024K, 177 young (181248K), 10 survivors (10240K)
}
Event: 54.662 {heap After GC invocations=51 (full 0):
 garbage-first heap   total reserved 968704K, committed 303104K, used 111566K [0x00000000c4e00000, 0x0000000100000000)
  region size 1024K, 15 young (15360K), 15 survivors (15360K)
}
Event: 55.271 {heap Before GC invocations=51 (full 0):
 garbage-first heap   total reserved 968704K, committed 303104K, used 277454K [0x00000000c4e00000, 0x0000000100000000)
  region size 1024K, 177 young (181248K), 15 survivors (15360K)
}
Event: 55.288 {heap After GC invocations=52 (full 0):
 garbage-first heap   total reserved 968704K, committed 303104K, used 113898K [0x00000000c4e00000, 0x0000000100000000)
  region size 1024K, 8 young (8192K), 8 survivors (8192K)
}
Event: 56.353 {heap Before GC invocations=53 (full 0):
 garbage-first heap   total reserved 968704K, committed 303104K, used 279786K [0x00000000c4e00000, 0x0000000100000000)
  region size 1024K, 175 young (179200K), 8 survivors (8192K)
}
Event: 56.375 {heap After GC invocations=54 (full 0):
 garbage-first heap   total reserved 968704K, committed 305152K, used 125636K [0x00000000c4e00000, 0x0000000100000000)
  region size 1024K, 22 young (22528K), 22 survivors (22528K)
}
Event: 57.357 {heap Before GC invocations=54 (full 0):
 garbage-first heap   total reserved 968704K, committed 305152K, used 278212K [0x00000000c4e00000, 0x0000000100000000)
  region size 1024K, 170 young (174080K), 22 survivors (22528K)
}

Metaspace Usage History (20 events):
Event: 47.001 {metaspace After GC invocations=42 (full 0):
 Metaspace       used 82633K, committed 83328K, reserved 1179648K
  class space    used 8971K, committed 9280K, reserved 1048576K
}
Event: 47.501 {metaspace Before GC invocations=42 (full 0):
 Metaspace       used 85815K, committed 86464K, reserved 1179648K
  class space    used 9693K, committed 9984K, reserved 1048576K
}
Event: 47.544 {metaspace After GC invocations=43 (full 0):
 Metaspace       used 85815K, committed 86464K, reserved 1179648K
  class space    used 9693K, committed 9984K, reserved 1048576K
}
Event: 47.863 {metaspace Before GC invocations=43 (full 0):
 Metaspace       used 87207K, committed 87808K, reserved 1179648K
  class space    used 9848K, committed 10112K, reserved 1048576K
}
Event: 47.869 {metaspace After GC invocations=44 (full 0):
 Metaspace       used 87207K, committed 87808K, reserved 1179648K
  class space    used 9848K, committed 10112K, reserved 1048576K
}
Event: 48.025 {metaspace Before GC invocations=45 (full 0):
 Metaspace       used 87208K, committed 87808K, reserved 1179648K
  class space    used 9848K, committed 10112K, reserved 1048576K
}
Event: 48.032 {metaspace After GC invocations=46 (full 0):
 Metaspace       used 87208K, committed 87808K, reserved 1179648K
  class space    used 9848K, committed 10112K, reserved 1048576K
}
Event: 48.131 {metaspace Before GC invocations=46 (full 0):
 Metaspace       used 87208K, committed 87808K, reserved 1179648K
  class space    used 9848K, committed 10112K, reserved 1048576K
}
Event: 48.146 {metaspace After GC invocations=47 (full 0):
 Metaspace       used 87208K, committed 87808K, reserved 1179648K
  class space    used 9848K, committed 10112K, reserved 1048576K
}
Event: 48.254 {metaspace Before GC invocations=47 (full 0):
 Metaspace       used 87231K, committed 87936K, reserved 1179648K
  class space    used 9857K, committed 10176K, reserved 1048576K
}
Event: 48.261 {metaspace After GC invocations=48 (full 0):
 Metaspace       used 87231K, committed 87936K, reserved 1179648K
  class space    used 9857K, committed 10176K, reserved 1048576K
}
Event: 53.376 {metaspace Before GC invocations=49 (full 0):
 Metaspace       used 89031K, committed 89728K, reserved 1179648K
  class space    used 10068K, committed 10368K, reserved 1048576K
}
Event: 53.462 {metaspace After GC invocations=50 (full 0):
 Metaspace       used 89031K, committed 89728K, reserved 1179648K
  class space    used 10068K, committed 10368K, reserved 1048576K
}
Event: 54.636 {metaspace Before GC invocations=50 (full 0):
 Metaspace       used 89590K, committed 90240K, reserved 1179648K
  class space    used 10108K, committed 10368K, reserved 1048576K
}
Event: 54.662 {metaspace After GC invocations=51 (full 0):
 Metaspace       used 89590K, committed 90240K, reserved 1179648K
  class space    used 10108K, committed 10368K, reserved 1048576K
}
Event: 55.271 {metaspace Before GC invocations=51 (full 0):
 Metaspace       used 89855K, committed 90496K, reserved 1179648K
  class space    used 10130K, committed 10432K, reserved 1048576K
}
Event: 55.288 {metaspace After GC invocations=52 (full 0):
 Metaspace       used 89855K, committed 90496K, reserved 1179648K
  class space    used 10130K, committed 10432K, reserved 1048576K
}
Event: 56.353 {metaspace Before GC invocations=53 (full 0):
 Metaspace       used 91053K, committed 91712K, reserved 1179648K
  class space    used 10196K, committed 10496K, reserved 1048576K
}
Event: 56.375 {metaspace After GC invocations=54 (full 0):
 Metaspace       used 91053K, committed 91712K, reserved 1179648K
  class space    used 10196K, committed 10496K, reserved 1048576K
}
Event: 57.357 {metaspace Before GC invocations=54 (full 0):
 Metaspace       used 91684K, committed 92352K, reserved 1179648K
  class space    used 10235K, committed 10560K, reserved 1048576K
}

Dll operation events (11 events):
Event: 0.300 Loaded shared library C:\Users\NEHA\Downloads\sts\sts-5.0.1.RELEASE\plugins\org.eclipse.justj.openjdk.hotspot.jre.full.win32.x86_64_25.0.1.v20251108-1451\jre\bin\java.dll
Event: 0.779 Loaded shared library C:\Users\NEHA\Downloads\sts\sts-5.0.1.RELEASE\plugins\org.eclipse.justj.openjdk.hotspot.jre.full.win32.x86_64_25.0.1.v20251108-1451\jre\bin\zip.dll
Event: 1.010 Loaded shared library C:\Users\NEHA\Downloads\sts\sts-5.0.1.RELEASE\plugins\org.eclipse.justj.openjdk.hotspot.jre.full.win32.x86_64_25.0.1.v20251108-1451\jre\bin\jimage.dll
Event: 1.027 Loaded shared library C:\Users\NEHA\Downloads\sts\sts-5.0.1.RELEASE\plugins\org.eclipse.justj.openjdk.hotspot.jre.full.win32.x86_64_25.0.1.v20251108-1451\jre\bin\net.dll
Event: 1.039 Loaded shared library C:\Users\NEHA\Downloads\sts\sts-5.0.1.RELEASE\plugins\org.eclipse.justj.openjdk.hotspot.jre.full.win32.x86_64_25.0.1.v20251108-1451\jre\bin\nio.dll
Event: 1.057 Loaded shared library C:\Users\NEHA\Downloads\sts\sts-5.0.1.RELEASE\plugins\org.eclipse.justj.openjdk.hotspot.jre.full.win32.x86_64_25.0.1.v20251108-1451\jre\bin\zip.dll
Event: 23.007 Loaded shared library C:\Users\NEHA\Downloads\sts\sts-5.0.1.RELEASE\plugins\org.eclipse.justj.openjdk.hotspot.jre.full.win32.x86_64_25.0.1.v20251108-1451\jre\bin\management.dll
Event: 23.085 Loaded shared library C:\Users\NEHA\Downloads\sts\sts-5.0.1.RELEASE\plugins\org.eclipse.justj.openjdk.hotspot.jre.full.win32.x86_64_25.0.1.v20251108-1451\jre\bin\management_ext.dll
Event: 23.847 Loaded shared library C:\Users\NEHA\Downloads\sts\sts-5.0.1.RELEASE\plugins\org.eclipse.justj.openjdk.hotspot.jre.full.win32.x86_64_25.0.1.v20251108-1451\jre\bin\extnet.dll
Event: 25.504 Loaded shared library C:\Users\NEHA\Downloads\sts\sts-5.0.1.RELEASE\plugins\org.eclipse.justj.openjdk.hotspot.jre.full.win32.x86_64_25.0.1.v20251108-1451\jre\bin\sunmscapi.dll
Event: 37.412 Loaded shared library C:\Users\NEHA\Downloads\sts\sts-5.0.1.RELEASE\plugins\org.eclipse.justj.openjdk.hotspot.jre.full.win32.x86_64_25.0.1.v20251108-1451\jre\bin\verify.dll

Deoptimization events (14 events):
Event: 30.966 Thread 0x000001cf4407be70 DEOPT PACKING pc=0x000001cf37d119ac sp=0x00000057b7bfc130
Event: 30.966 Thread 0x000001cf4407be70 DEOPT UNPACKING pc=0x000001cf37ab1702 sp=0x00000057b7bfb628 mode 0
Event: 32.286 Thread 0x000001cf4407be70 DEOPT PACKING pc=0x000001cf381bea17 sp=0x00000057b7bfd990
Event: 32.288 Thread 0x000001cf4407be70 DEOPT UNPACKING pc=0x000001cf37ab1702 sp=0x00000057b7bfcf38 mode 0
Event: 35.305 Thread 0x000001cf4407be70 DEOPT PACKING pc=0x000001cf37e77062 sp=0x00000057b7bf91b0
Event: 35.305 Thread 0x000001cf4407be70 DEOPT UNPACKING pc=0x000001cf37ab1702 sp=0x00000057b7bf86b8 mode 3
Event: 41.711 Thread 0x000001cf4407be70 DEOPT PACKING pc=0x000001cf3884fd64 sp=0x00000057b7bf8bc0
Event: 41.711 Thread 0x000001cf4407be70 DEOPT UNPACKING pc=0x000001cf37ab1702 sp=0x00000057b7bf8138 mode 0
Event: 41.712 Thread 0x000001cf4407be70 DEOPT PACKING pc=0x000001cf3884ff84 sp=0x00000057b7bf9320
Event: 41.712 Thread 0x000001cf4407be70 DEOPT UNPACKING pc=0x000001cf37ab1702 sp=0x00000057b7bf8898 mode 0
Event: 41.712 Thread 0x000001cf4407be70 DEOPT PACKING pc=0x000001cf3884ff84 sp=0x00000057b7bf9940
Event: 41.712 Thread 0x000001cf4407be70 DEOPT UNPACKING pc=0x000001cf37ab1702 sp=0x00000057b7bf8eb8 mode 0
Event: 41.712 Thread 0x000001cf4407be70 DEOPT PACKING pc=0x000001cf3884ff84 sp=0x00000057b7bfa300
Event: 41.712 Thread 0x000001cf4407be70 DEOPT UNPACKING pc=0x000001cf37ab1702 sp=0x00000057b7bf9878 mode 0

Classes loaded (20 events):
Event: 46.735 Loading class java/lang/Character$Subset done
Event: 46.735 Loading class java/lang/Character$UnicodeBlock done
Event: 46.849 Loading class java/util/regex/Pattern$SliceU
Event: 46.850 Loading class java/util/regex/Pattern$SliceU done
Event: 46.850 Loading class java/util/regex/Pattern$Bound
Event: 46.850 Loading class java/util/regex/Pattern$Bound done
Event: 46.853 Loading class java/util/regex/Pattern$Behind
Event: 46.853 Loading class java/util/regex/Pattern$Behind done
Event: 50.098 Loading class javax/net/ssl/SSLException
Event: 50.101 Loading class javax/net/ssl/SSLException done
Event: 50.173 Loading class java/nio/channels/CompletionHandler
Event: 50.174 Loading class java/nio/channels/CompletionHandler done
Event: 50.647 Loading class java/io/WriteAbortedException
Event: 50.648 Loading class java/io/WriteAbortedException done
Event: 52.968 Loading class sun/reflect/ReflectionFactory
Event: 52.970 Loading class sun/reflect/ReflectionFactory done
Event: 52.973 Loading class java/io/OptionalDataException
Event: 52.973 Loading class java/io/OptionalDataException done
Event: 56.581 Loading class java/util/DualPivotQuicksort$PartitionOperation
Event: 56.608 Loading class java/util/DualPivotQuicksort$PartitionOperation done

Classes unloaded (5 events):
Event: 31.260 Thread 0x000001cf3ec37d10 Unloading class 0x000000000a084c00 'java/lang/invoke/LambdaForm$BMH+0x000000000a084c00'
Event: 31.260 Thread 0x000001cf3ec37d10 Unloading class 0x000000000a044400 'java/lang/invoke/LambdaForm$DMH+0x000000000a044400'
Event: 31.260 Thread 0x000001cf3ec37d10 Unloading class 0x000000000a043c00 'java/lang/invoke/LambdaForm$DMH+0x000000000a043c00'
Event: 31.260 Thread 0x000001cf3ec37d10 Unloading class 0x000000000a042c00 'java/lang/invoke/LambdaForm$DMH+0x000000000a042c00'
Event: 31.260 Thread 0x000001cf3ec37d10 Unloading class 0x000000000a042800 'java/lang/invoke/LambdaForm$DMH+0x000000000a042800'

Classes redefined (0 events):
No events

Internal exceptions (20 events):
Event: 42.271 Thread 0x000001cf4407be70 Exception <a 'java/io/IOException'{0x00000000ca7ec4f0}> (0x00000000ca7ec4f0) 
thrown [s\src\hotspot\share\prims\jni.cpp, line 516]
Event: 42.275 Thread 0x000001cf4407be70 Exception <a 'java/io/IOException'{0x00000000ca7f99a8}> (0x00000000ca7f99a8) 
thrown [s\src\hotspot\share\prims\jni.cpp, line 516]
Event: 42.276 Thread 0x000001cf4407be70 Exception <a 'java/io/IOException'{0x00000000ca606c68}> (0x00000000ca606c68) 
thrown [s\src\hotspot\share\prims\jni.cpp, line 516]
Event: 42.278 Thread 0x000001cf4407be70 Exception <a 'java/io/IOException'{0x00000000ca613b00}> (0x00000000ca613b00) 
thrown [s\src\hotspot\share\prims\jni.cpp, line 516]
Event: 42.279 Thread 0x000001cf4407be70 Exception <a 'java/io/IOException'{0x00000000ca620b40}> (0x00000000ca620b40) 
thrown [s\src\hotspot\share\prims\jni.cpp, line 516]
Event: 42.284 Thread 0x000001cf4407be70 Exception <a 'java/io/IOException'{0x00000000ca62dad0}> (0x00000000ca62dad0) 
thrown [s\src\hotspot\share\prims\jni.cpp, line 516]
Event: 42.287 Thread 0x000001cf4407be70 Exception <a 'java/io/IOException'{0x00000000ca640078}> (0x00000000ca640078) 
thrown [s\src\hotspot\share\prims\jni.cpp, line 516]
Event: 42.289 Thread 0x000001cf4407be70 Exception <a 'java/io/IOException'{0x00000000ca652488}> (0x00000000ca652488) 
thrown [s\src\hotspot\share\prims\jni.cpp, line 516]
Event: 45.942 Thread 0x000001cf4407be70 Exception <a 'java/lang/IncompatibleClassChangeError'{0x00000000cc10d150}: Found class java.lang.Object, but interface was expected> (0x00000000cc10d150) 
thrown [s\src\hotspot\share\interpreter\linkResolver.cpp, line 871]
Event: 46.066 Thread 0x000001cf4407be70 Exception <a 'java/lang/IncompatibleClassChangeError'{0x00000000cbf9b7a0}: Found class java.lang.Object, but interface was expected> (0x00000000cbf9b7a0) 
thrown [s\src\hotspot\share\interpreter\linkResolver.cpp, line 871]
Event: 46.604 Thread 0x000001cf4407be70 Exception <a 'java/lang/IncompatibleClassChangeError'{0x00000000ca42d140}: Found class java.lang.Object, but interface was expected> (0x00000000ca42d140) 
thrown [s\src\hotspot\share\interpreter\linkResolver.cpp, line 871]
Event: 46.777 Thread 0x000001cf4407be70 Exception <a 'java/lang/IncompatibleClassChangeError'{0x00000000ca1dd910}: Found class java.lang.Object, but interface was expected> (0x00000000ca1dd910) 
thrown [s\src\hotspot\share\interpreter\linkResolver.cpp, line 871]
Event: 46.778 Thread 0x000001cf4407be70 Exception <a 'java/lang/IncompatibleClassChangeError'{0x00000000ca1edba0}: Found class java.lang.Object, but interface was expected> (0x00000000ca1edba0) 
thrown [s\src\hotspot\share\interpreter\linkResolver.cpp, line 871]
Event: 46.957 Thread 0x000001cf4407be70 Exception <a 'java/lang/NoSuchMethodError'{0x00000000c9fa04e0}: 'java.lang.Object java.lang.invoke.DirectMethodHandle$Holder.invokeStatic(java.lang.Object, int, java.lang.Object)'> (0x00000000c9fa04e0) 
thrown [s\src\hotspot\share\interpreter\linkResolver.cpp, line 804]
Event: 47.051 Thread 0x000001cf4407be70 Exception <a 'java/io/IOException'{0x00000000fffd7120}> (0x00000000fffd7120) 
thrown [s\src\hotspot\share\prims\jni.cpp, line 516]
Event: 50.177 Thread 0x000001cf4407be70 Exception <a 'java/lang/NoSuchMethodError'{0x00000000ceef0950}: 'long java.lang.invoke.DirectMethodHandle$Holder.invokeVirtual(java.lang.Object, java.lang.Object)'> (0x00000000ceef0950) 
thrown [s\src\hotspot\share\interpreter\linkResolver.cpp, line 804]
Event: 52.844 Thread 0x000001cf4407be70 Exception <a 'java/lang/NoSuchMethodError'{0x00000000ccb0f7c0}: 'int java.lang.invoke.DirectMethodHandle$Holder.invokeStaticInit(java.lang.Object, int, java.lang.Object, java.lang.Object, java.lang.Object, java.lang.Object)'> (0x00000000ccb0f7c0) 
thrown [s\src\hotspot\share\interpreter\linkResolver.cpp, line 804]
Event: 53.073 Thread 0x000001cf4407be70 Exception <a 'java/io/FileNotFoundException'{0x00000000cc9c6400}> (0x00000000cc9c6400) 
thrown [s\src\hotspot\share\prims\jni.cpp, line 516]
Event: 53.075 Thread 0x000001cf4407be70 Exception <a 'java/io/FileNotFoundException'{0x00000000cc9d0318}> (0x00000000cc9d0318) 
thrown [s\src\hotspot\share\prims\jni.cpp, line 516]
Event: 56.609 Thread 0x000001cf4407be70 Exception <a 'java/lang/NoSuchMethodError'{0x00000000d4086080}: 'java.lang.Object java.lang.invoke.DirectMethodHandle$Holder.invokeStatic(java.lang.Object, java.lang.Object, int, int, int, int)'> (0x00000000d4086080) 
thrown [s\src\hotspot\share\interpreter\linkResolver.cpp, line 804]

VM Operations (20 events):
Event: 49.870 Executing non-safepoint VM operation: HandshakeAllThreads (Deoptimize) done
Event: 49.873 Executing non-safepoint VM operation: HandshakeAllThreads (Deoptimize)
Event: 49.873 Executing non-safepoint VM operation: HandshakeAllThreads (Deoptimize) done
Event: 50.677 Executing non-safepoint VM operation: HandshakeAllThreads (Deoptimize)
Event: 50.677 Executing non-safepoint VM operation: HandshakeAllThreads (Deoptimize) done
Event: 52.825 Executing non-safepoint VM operation: HandshakeAllThreads (Deoptimize)
Event: 52.825 Executing non-safepoint VM operation: HandshakeAllThreads (Deoptimize) done
Event: 53.374 Executing safepoint VM operation: G1CollectForAllocation (G1 Evacuation Pause)
Event: 53.462 Executing safepoint VM operation: G1CollectForAllocation (G1 Evacuation Pause) done
Event: 54.636 Executing safepoint VM operation: G1CollectForAllocation (G1 Evacuation Pause)
Event: 54.662 Executing safepoint VM operation: G1CollectForAllocation (G1 Evacuation Pause) done
Event: 55.271 Executing safepoint VM operation: G1CollectForAllocation (G1 Evacuation Pause)
Event: 55.288 Executing safepoint VM operation: G1CollectForAllocation (G1 Evacuation Pause) done
Event: 55.523 Executing safepoint VM operation: G1PauseRemark
Event: 55.541 Executing safepoint VM operation: G1PauseRemark done
Event: 55.568 Executing safepoint VM operation: G1PauseCleanup
Event: 55.568 Executing safepoint VM operation: G1PauseCleanup done
Event: 56.353 Executing safepoint VM operation: G1CollectForAllocation (G1 Evacuation Pause)
Event: 56.375 Executing safepoint VM operation: G1CollectForAllocation (G1 Evacuation Pause) done
Event: 57.357 Executing safepoint VM operation: G1CollectForAllocation (G1 Evacuation Pause)

Memory protections (0 events):
No events

Nmethod flushes (20 events):
Event: 47.969 Thread 0x000001cf3ec37d10 flushing  nmethod 0x000001cf384ebc08
Event: 47.969 Thread 0x000001cf3ec37d10 flushing  nmethod 0x000001cf384f1a88
Event: 47.969 Thread 0x000001cf3ec37d10 flushing  nmethod 0x000001cf388b6808
Event: 48.335 Thread 0x000001cf3ec37d10 flushing  nmethod 0x000001cf37f7f088
Event: 48.335 Thread 0x000001cf3ec37d10 flushing  nmethod 0x000001cf37f81888
Event: 48.335 Thread 0x000001cf3ec37d10 flushing  nmethod 0x000001cf3804e508
Event: 48.335 Thread 0x000001cf3ec37d10 flushing  nmethod 0x000001cf388adf88
Event: 48.335 Thread 0x000001cf3ec37d10 flushing  nmethod 0x000001cf38032908
Event: 48.335 Thread 0x000001cf3ec37d10 flushing  nmethod 0x000001cf380ad508
Event: 48.335 Thread 0x000001cf3ec37d10 flushing  nmethod 0x000001cf381f1508
Event: 48.335 Thread 0x000001cf3ec37d10 flushing  nmethod 0x000001cf3804b308
Event: 48.335 Thread 0x000001cf3ec37d10 flushing  nmethod 0x000001cf380e5588
Event: 48.335 Thread 0x000001cf3ec37d10 flushing  nmethod 0x000001cf380e5c88
Event: 48.335 Thread 0x000001cf3ec37d10 flushing  nmethod 0x000001cf380e6008
Event: 48.335 Thread 0x000001cf3ec37d10 flushing  nmethod 0x000001cf380e6488
Event: 48.335 Thread 0x000001cf3ec37d10 flushing  nmethod 0x000001cf380de908
Event: 48.335 Thread 0x000001cf3ec37d10 flushing  nmethod 0x000001cf38142688
Event: 48.335 Thread 0x000001cf3ec37d10 flushing  nmethod 0x000001cf3867ba88
Event: 48.335 Thread 0x000001cf3ec37d10 flushing  nmethod 0x000001cf380f5108
Event: 48.335 Thread 0x000001cf3ec37d10 flushing  nmethod 0x000001cf38682388

Events (20 events):
Event: 24.344 Thread 0x000001cf33d59450 Thread added: 0x000001cf440f0e20
Event: 24.347 Thread 0x000001cf440f0e20 Thread added: 0x000001cf4407be70
Event: 24.363 Thread 0x000001cf440b5520 Thread added: 0x000001cf440804c0
Event: 24.767 Thread 0x000001cf4407be70 Thread added: 0x000001cf44081460
Event: 25.522 Thread 0x000001cf44081460 Thread exited: 0x000001cf44081460
Event: 27.146 Thread 0x000001cf4407be70 Thread added: 0x000001cf446aa0a0
Event: 27.334 Thread 0x000001cf446aa0a0 Thread exited: 0x000001cf446aa0a0
Event: 33.044 Thread 0x000001cf3ec5e440 Thread added: 0x000001cf45153ae0
Event: 33.044 Thread 0x000001cf3ec5e440 Thread added: 0x000001cf451542f0
Event: 33.287 Thread 0x000001cf451542f0 Thread added: 0x000001cf451a9660
Event: 35.505 Thread 0x000001cf4407be70 Thread added: 0x000001cf446ab040
Event: 36.041 Thread 0x000001cf4407be70 Thread added: 0x000001cf446acf80
Event: 36.144 Thread 0x000001cf446acf80 Thread added: 0x000001cf446ad750
Event: 41.566 Thread 0x000001cf446ad750 Thread exited: 0x000001cf446ad750
Event: 50.694 Thread 0x000001cf451a9660 Thread exited: 0x000001cf451a9660
Event: 50.798 Thread 0x000001cf451542f0 Thread exited: 0x000001cf451542f0
Event: 50.836 Thread 0x000001cf4407be70 Thread added: 0x000001cf461325e0
Event: 50.844 Thread 0x000001cf4407be70 Thread added: 0x000001cf46132db0
Event: 50.861 Thread 0x000001cf4407be70 Thread added: 0x000001cf46133580
Event: 52.924 Thread 0x000001cf45153ae0 Thread added: 0x000001cf451f9b10


Dynamic libraries:
0x00007ff7795c0000 - 0x00007ff7795ce000 	C:\Users\NEHA\Downloads\sts\sts-5.0.1.RELEASE\plugins\org.eclipse.justj.openjdk.hotspot.jre.full.win32.x86_64_25.0.1.v20251108-1451\jre\bin\javaw.exe
0x00007ffa1f9e0000 - 0x00007ffa1fc46000 	C:\WINDOWS\SYSTEM32\ntdll.dll
0x00007ffa1e1e0000 - 0x00007ffa1e2a9000 	C:\WINDOWS\System32\KERNEL32.DLL
0x00007ffa1cbf0000 - 0x00007ffa1cfef000 	C:\WINDOWS\System32\KERNELBASE.dll
0x00007ffa1d000000 - 0x00007ffa1d14c000 	C:\WINDOWS\System32\ucrtbase.dll
0x00007ff9f66f0000 - 0x00007ff9f670e000 	C:\Users\NEHA\Downloads\sts\sts-5.0.1.RELEASE\plugins\org.eclipse.justj.openjdk.hotspot.jre.full.win32.x86_64_25.0.1.v20251108-1451\jre\bin\VCRUNTIME140.dll
0x00007ff9f69e0000 - 0x00007ff9f69f6000 	C:\Users\NEHA\Downloads\sts\sts-5.0.1.RELEASE\plugins\org.eclipse.justj.openjdk.hotspot.jre.full.win32.x86_64_25.0.1.v20251108-1451\jre\bin\jli.dll
0x00007ffa1ddd0000 - 0x00007ffa1df96000 	C:\WINDOWS\System32\USER32.dll
0x00007ff9fd170000 - 0x00007ff9fd401000 	C:\WINDOWS\WinSxS\amd64_microsoft.windows.common-controls_6595b64144ccf1df_6.0.26100.8972_none_3e0da176e32f9d4b\COMCTL32.dll
0x00007ffa1d6e0000 - 0x00007ffa1d707000 	C:\WINDOWS\System32\win32u.dll
0x00007ffa1eaf0000 - 0x00007ffa1eb99000 	C:\WINDOWS\System32\msvcrt.dll
0x00007ffa1e0c0000 - 0x00007ffa1e0eb000 	C:\WINDOWS\System32\GDI32.dll
0x00007ffa1d360000 - 0x00007ffa1d489000 	C:\WINDOWS\System32\gdi32full.dll
0x00007ffa1d2b0000 - 0x00007ffa1d353000 	C:\WINDOWS\System32\msvcp_win.dll
0x00007ffa1f870000 - 0x00007ffa1f8a2000 	C:\WINDOWS\System32\IMM32.DLL
0x00007ff9fa340000 - 0x00007ff9fa34c000 	C:\Users\NEHA\Downloads\sts\sts-5.0.1.RELEASE\plugins\org.eclipse.justj.openjdk.hotspot.jre.full.win32.x86_64_25.0.1.v20251108-1451\jre\bin\vcruntime140_1.dll
0x00007ff9dbd60000 - 0x00007ff9dbded000 	C:\Users\NEHA\Downloads\sts\sts-5.0.1.RELEASE\plugins\org.eclipse.justj.openjdk.hotspot.jre.full.win32.x86_64_25.0.1.v20251108-1451\jre\bin\msvcp140.dll
0x00007ff9ab9d0000 - 0x00007ff9ac8f6000 	C:\Users\NEHA\Downloads\sts\sts-5.0.1.RELEASE\plugins\org.eclipse.justj.openjdk.hotspot.jre.full.win32.x86_64_25.0.1.v20251108-1451\jre\bin\server\jvm.dll
0x00007ffa1e330000 - 0x00007ffa1e3ec000 	C:\WINDOWS\System32\ADVAPI32.dll
0x00007ffa1f7c0000 - 0x00007ffa1f86a000 	C:\WINDOWS\System32\sechost.dll
0x00007ffa1dfa0000 - 0x00007ffa1e0b8000 	C:\WINDOWS\System32\RPCRT4.dll
0x00007ffa1d710000 - 0x00007ffa1d792000 	C:\WINDOWS\System32\WS2_32.dll
0x00007ffa1ca50000 - 0x00007ffa1caae000 	C:\WINDOWS\SYSTEM32\POWRPROF.dll
0x00007ffa16fd0000 - 0x00007ffa17006000 	C:\WINDOWS\SYSTEM32\WINMM.dll
0x00007ffa105f0000 - 0x00007ffa105fb000 	C:\WINDOWS\SYSTEM32\VERSION.dll
0x00007ffa1ca30000 - 0x00007ffa1ca45000 	C:\WINDOWS\SYSTEM32\UMPDC.dll
0x00007ffa1b8e0000 - 0x00007ffa1b8fb000 	C:\WINDOWS\SYSTEM32\kernel.appcore.dll
0x00007ffa19620000 - 0x00007ffa1962a000 	C:\Users\NEHA\Downloads\sts\sts-5.0.1.RELEASE\plugins\org.eclipse.justj.openjdk.hotspot.jre.full.win32.x86_64_25.0.1.v20251108-1451\jre\bin\jimage.dll
0x00007ffa1a0f0000 - 0x00007ffa1a332000 	C:\WINDOWS\SYSTEM32\DBGHELP.DLL
0x00007ffa1eba0000 - 0x00007ffa1ef25000 	C:\WINDOWS\System32\combase.dll
0x00007ffa1da40000 - 0x00007ffa1db19000 	C:\WINDOWS\System32\OLEAUT32.dll
0x00007ffa036e0000 - 0x00007ffa0371b000 	C:\WINDOWS\SYSTEM32\dbgcore.DLL
0x00007ffa1d620000 - 0x00007ffa1d6cc000 	C:\WINDOWS\System32\bcryptPrimitives.dll
0x00007ffa16350000 - 0x00007ffa1636e000 	C:\Users\NEHA\Downloads\sts\sts-5.0.1.RELEASE\plugins\org.eclipse.justj.openjdk.hotspot.jre.full.win32.x86_64_25.0.1.v20251108-1451\jre\bin\java.dll
0x00007ffa1d7a0000 - 0x00007ffa1d939000 	C:\WINDOWS\System32\ole32.dll
0x00007ffa1ef30000 - 0x00007ffa1f6b8000 	C:\WINDOWS\System32\SHELL32.dll
0x00007ffa1a6c0000 - 0x00007ffa1af5b000 	C:\WINDOWS\SYSTEM32\windows.storage.dll
0x00007ffa1d940000 - 0x00007ffa1da39000 	C:\WINDOWS\System32\SHCORE.dll
0x00007ffa1e110000 - 0x00007ffa1e176000 	C:\WINDOWS\System32\shlwapi.dll
0x00007ffa1cb10000 - 0x00007ffa1cb39000 	C:\WINDOWS\SYSTEM32\profapi.dll
0x00007ffa08110000 - 0x00007ffa08127000 	C:\Users\NEHA\Downloads\sts\sts-5.0.1.RELEASE\plugins\org.eclipse.justj.openjdk.hotspot.jre.full.win32.x86_64_25.0.1.v20251108-1451\jre\bin\zip.dll
0x00007ffa05810000 - 0x00007ffa05821000 	C:\Users\NEHA\Downloads\sts\sts-5.0.1.RELEASE\plugins\org.eclipse.justj.openjdk.hotspot.jre.full.win32.x86_64_25.0.1.v20251108-1451\jre\bin\net.dll
0x00007ffa1be90000 - 0x00007ffa1befc000 	C:\WINDOWS\system32\mswsock.dll
0x00007ffa057f0000 - 0x00007ffa05806000 	C:\Users\NEHA\Downloads\sts\sts-5.0.1.RELEASE\plugins\org.eclipse.justj.openjdk.hotspot.jre.full.win32.x86_64_25.0.1.v20251108-1451\jre\bin\nio.dll
0x00007ff9f8fd0000 - 0x00007ff9f8fda000 	C:\Users\NEHA\Downloads\sts\sts-5.0.1.RELEASE\plugins\org.eclipse.justj.openjdk.hotspot.jre.full.win32.x86_64_25.0.1.v20251108-1451\jre\bin\management.dll
0x00007ff9f87c0000 - 0x00007ff9f87cc000 	C:\Users\NEHA\Downloads\sts\sts-5.0.1.RELEASE\plugins\org.eclipse.justj.openjdk.hotspot.jre.full.win32.x86_64_25.0.1.v20251108-1451\jre\bin\management_ext.dll
0x00007ffa1f990000 - 0x00007ffa1f998000 	C:\WINDOWS\System32\PSAPI.DLL
0x00007ff9eea30000 - 0x00007ff9eea48000 	C:\WINDOWS\system32\napinsp.dll
0x00007ffa1b3a0000 - 0x00007ffa1b4f8000 	C:\WINDOWS\SYSTEM32\DNSAPI.dll
0x00007ffa1bc70000 - 0x00007ffa1bc7d000 	C:\WINDOWS\SYSTEM32\DSPARSE.dll
0x00007ffa1b300000 - 0x00007ffa1b333000 	C:\WINDOWS\SYSTEM32\IPHLPAPI.DLL
0x00007ffa1db50000 - 0x00007ffa1db5a000 	C:\WINDOWS\System32\NSI.dll
0x00007ff9ee910000 - 0x00007ff9ee923000 	C:\WINDOWS\System32\winrnr.dll
0x00007ff9ee8d0000 - 0x00007ff9ee8f2000 	C:\WINDOWS\system32\nlansp_c.dll
0x00007ff9ee7c0000 - 0x00007ff9ee7d6000 	C:\WINDOWS\system32\wshbth.dll
0x00007ffa19340000 - 0x00007ffa1934b000 	C:\Windows\System32\rasadhlp.dll
0x00007ffa16b20000 - 0x00007ffa16ba6000 	C:\WINDOWS\System32\fwpuclnt.dll
0x00007ffa1c180000 - 0x00007ffa1c19b000 	C:\WINDOWS\SYSTEM32\CRYPTSP.dll
0x00007ffa1b840000 - 0x00007ffa1b879000 	C:\WINDOWS\system32\rsaenh.dll
0x00007ffa1bf40000 - 0x00007ffa1bf72000 	C:\WINDOWS\SYSTEM32\USERENV.dll
0x00007ffa1cae0000 - 0x00007ffa1cb0a000 	C:\WINDOWS\SYSTEM32\bcrypt.dll
0x00007ffa1c1a0000 - 0x00007ffa1c1ac000 	C:\WINDOWS\SYSTEM32\CRYPTBASE.dll
0x00007ffa06f30000 - 0x00007ffa06f39000 	C:\Users\NEHA\Downloads\sts\sts-5.0.1.RELEASE\plugins\org.eclipse.justj.openjdk.hotspot.jre.full.win32.x86_64_25.0.1.v20251108-1451\jre\bin\extnet.dll
0x00007ffa19440000 - 0x00007ffa1944e000 	C:\Users\NEHA\Downloads\sts\sts-5.0.1.RELEASE\plugins\org.eclipse.justj.openjdk.hotspot.jre.full.win32.x86_64_25.0.1.v20251108-1451\jre\bin\sunmscapi.dll
0x00007ffa1d490000 - 0x00007ffa1d60e000 	C:\WINDOWS\System32\CRYPT32.dll
0x00007ffa1c3c0000 - 0x00007ffa1c3f0000 	C:\WINDOWS\SYSTEM32\ncrypt.dll
0x00007ffa1c370000 - 0x00007ffa1c3af000 	C:\WINDOWS\SYSTEM32\NTASN1.dll
0x00007ffa19470000 - 0x00007ffa19480000 	C:\Users\NEHA\Downloads\sts\sts-5.0.1.RELEASE\plugins\org.eclipse.justj.openjdk.hotspot.jre.full.win32.x86_64_25.0.1.v20251108-1451\jre\bin\verify.dll

JVMTI agents: none

dbghelp: loaded successfully - version: 4.0.5 - missing functions: none
symbol engine: initialized successfully - sym options: 0x614 - pdb path: .;C:\Users\NEHA\Downloads\sts\sts-5.0.1.RELEASE\plugins\org.eclipse.justj.openjdk.hotspot.jre.full.win32.x86_64_25.0.1.v20251108-1451\jre\bin;C:\WINDOWS\SYSTEM32;C:\WINDOWS\WinSxS\amd64_microsoft.windows.common-controls_6595b64144ccf1df_6.0.26100.8972_none_3e0da176e32f9d4b;C:\Users\NEHA\Downloads\sts\sts-5.0.1.RELEASE\plugins\org.eclipse.justj.openjdk.hotspot.jre.full.win32.x86_64_25.0.1.v20251108-1451\jre\bin\server

VM Arguments:
jvm_args: -Dcom.sun.management.jmxremote -Dcom.sun.management.jmxremote.port=55303 -Dcom.sun.management.jmxremote.authenticate=false -Dcom.sun.management.jmxremote.ssl=false -Djava.rmi.server.hostname=localhost -Dspring.jmx.enabled=true -Dmanagement.endpoints.jmx.exposure.include=* -Dspring.application.admin.enabled=true -Dspring.output.ansi.enabled=always -XX:TieredStopAtLevel=1 -Dspring.boot.project.name=WomenSafetyApp -Dfile.encoding=UTF-8 -Dstdout.encoding=UTF-8 -Dstderr.encoding=UTF-8 -XX:+ShowCodeDetailsInExceptionMessages 
java_command: in.sp.main.FightthefireApplication
java_class_path (initial): C:\Users\NEHA\OneDrive\Desktop\ws\FightDFear\target\classes;C:\Users\NEHA\.m2\repository\org\springframework\boot\spring-boot-starter-web\3.4.3\spring-boot-starter-web-3.4.3.jar;C:\Users\NEHA\.m2\repository\org\springframework\boot\spring-boot-starter\3.4.3\spring-boot-starter-3.4.3.jar;C:\Users\NEHA\.m2\repository\org\springframework\boot\spring-boot-starter-logging\3.4.3\spring-boot-starter-logging-3.4.3.jar;C:\Users\NEHA\.m2\repository\ch\qos\logback\logback-classic\1.5.16\logback-classic-1.5.16.jar;C:\Users\NEHA\.m2\repository\ch\qos\logback\logback-core\1.5.16\logback-core-1.5.16.jar;C:\Users\NEHA\.m2\repository\org\apache\logging\log4j\log4j-to-slf4j\2.24.3\log4j-to-slf4j-2.24.3.jar;C:\Users\NEHA\.m2\repository\org\apache\logging\log4j\log4j-api\2.24.3\log4j-api-2.24.3.jar;C:\Users\NEHA\.m2\repository\org\slf4j\jul-to-slf4j\2.0.16\jul-to-slf4j-2.0.16.jar;C:\Users\NEHA\.m2\repository\jakarta\annotation\jakarta.annotation-api\2.1.1\jakarta.annotation-api-2.1.1.jar;C:\Users\NEHA\.m2\repository\org\yaml\snakeyaml\2.3\snakeyaml-2.3.jar;C:\Users\NEHA\.m2\repository\org\springframework\boot\spring-boot-starter-json\3.4.3\spring-boot-starter-json-3.4.3.jar;C:\Users\NEHA\.m2\repository\com\fasterxml\jackson\datatype\jackson-datatype-jdk8\2.18.2\jackson-datatype-jdk8-2.18.2.jar;C:\Users\NEHA\.m2\repository\com\fasterxml\jackson\module\jackson-module-parameter-names\2.18.2\jackson-module-parameter-names-2.18.2.jar;C:\Users\NEHA\.m2\repository\org\springframework\boot\spring-boot-starter-tomcat\3.4.3\spring-boot-starter-tomcat-3.4.3.jar;C:\Users\NEHA\.m2\repository\org\apache\tomcat\embed\tomcat-embed-websocket\10.1.36\tomcat-embed-websocket-10.1.36.jar;C:\Users\NEHA\.m2\repository\org\springframework\spring-web\6.2.3\spring-web-6.2.3.jar;C:\Users\NEHA\.m2\repository\org\springframework\spring-beans\6.2.3\spring-beans-6.2.3.jar;C:\Users\NEHA\.m2\repository\org\springframework\spring-webmvc\6.2.3\spring-webmvc-6.2.3.jar;C:\Users\NEHA\.m2\repository\org\springframework\spring-expression\6.2.3\spring-expression-6.2.3.jar;C:\Users\NEHA\.m2\repository\org\springframework\boot\spring-boot-starter-data-jpa\3.4.3\spring-boot-starter-data-jpa-3.4.3.jar;C:\Users\NEHA\.m2\repository\org\springframework\boot\spring-boot-starter-jdbc\3.4.3\spring-boot-starter-jdbc-3.4.3.jar;C:\Users\NEHA\.m2\repository\com\zaxxer\HikariCP\5.1.0\HikariCP-5.1.0.jar;C:\Users\NEHA\.m2\repository\org\hibernate\orm\hibernate-core\6.6.8.Final\hibernate-core-6.6.8.Final.jar;C:\Users\NEHA\.m2\repository\jakarta\transaction\jakarta.transaction-api\2.0.1\jakarta.transaction-api-2.0.1.jar;C:\Users\NEHA\.m2\repository\org\hibernate\common\hibernate-commons-annotations\7.0.3.Final\hibernate-commons-annotations-7.0.3.Final.jar;C:\Users\NEHA\.m2\repository\io\smallrye\jandex\3.2.0\jandex-3.2.0.jar;C:\Users\NEHA\.m2\repository\net\bytebuddy\byte-buddy\1.15.11\byte-buddy-1.15.11.jar;C:\Users\NEHA\.m2\repository\jakarta\inject\jakarta.inject-api\2.0.1\jakarta.inject-api-2.0.1.jar;C:\Users\NEHA\.m2\repository\org\antlr\antlr4-runtime\4.13.0\antlr4-runtime-4.13.0.jar;C:\Users\NEHA\.m2\repository\org\springframework\data\spring-data-jpa\3.4.3\spring-data-jpa-3.4.3.jar;C:\Users\NEHA\.m2\repository\org\springframework\data\spring-data-commons\3.4.3\spring-data-commons-3.4.3.jar;C:\Users\NEHA\.m2\repository\org\springframework\spring-orm\6.2.3\spring-orm-6.2.3.jar;C:\Users\NEHA\.m2\repository\org\springframework\spring-tx\6.2.3\spring-tx-6.2.3.jar;C:\Users\NEHA\.m2\repository\org\springframework\spring-aspects\6.2.3\spring-aspects-6.2.3.jar;C:\Users\NEHA\.m2\repository\org\aspectj\aspectjweaver\1.9.22.1\aspectjweaver-1.9.22.1.jar;C:\Users\NEHA\.m2\repository\org\springframework\boot\spring-boot-starter-security\3.4.3\spring-boot-starter-security-3.4.3.jar;C:\Users\NEHA\.m2\repository\org\springframework\spring-aop\6.2.3\spring-aop-6.2.3.jar;C:\Users\NEHA\.m2\repository\org\springframework\security\spring-security-config\6.4.3\spring-security-config-6.4.3.jar;C:\Users\NEHA\.m2\repository\org\springframework\security\spring-security-core\6.4.3\spring-security-core-6.4.3.jar;C:\Users\NEHA\.m2\repository\org\springframework\security\spring-security-crypto\6.4.3\spring-security-crypto-6.4.3.jar;C:\Users\NEHA\.m2\repository\org\springframework\security\spring-security-web\6.4.3\spring-security-web-6.4.3.jar;C:\Users\NEHA\.m2\repository\org\springframework\boot\spring-boot-starter-mail\3.4.3\spring-boot-starter-mail-3.4.3.jar;C:\Users\NEHA\.m2\repository\org\springframework\spring-context-support\6.2.3\spring-context-support-6.2.3.jar;C:\Users\NEHA\.m2\repository\org\eclipse\angus\jakarta.mail\2.0.3\jakarta.mail-2.0.3.jar;C:\Users\NEHA\.m2\repository\org\eclipse\angus\angus-activation\2.0.2\angus-activation-2.0.2.jar;C:\Users\NEHA\.m2\repository\org\springframework\boot\spring-boot-starter-actuator\3.4.3\spring-boot-starter-actuator-3.4.3.jar;C:\Users\NEHA\.m2\repository\org\springframework\boot\spring-boot-actuator-autoconfigure\3.4.3\spring-boot-actuator-autoconfigure-3.4.3.jar;C:\Users\NEHA\.m2\repository\org\springframework\boot\spring-boot-actuator\3.4.3\spring-boot-actuator-3.4.3.jar;C:\Users\NEHA\.m2\repository\io\micrometer\micrometer-observation\1.14.4\micrometer-observation-1.14.4.jar;C:\Users\NEHA\.m2\repository\io\micrometer\micrometer-commons\1.14.4\micrometer-commons-1.14.4.jar;C:\Users\NEHA\.m2\repository\io\micrometer\micrometer-jakarta9\1.14.4\micrometer-jakarta9-1.14.4.jar;C:\Users\NEHA\.m2\repository\io\micrometer\micrometer-registry-prometheus\1.14.4\micrometer-registry-prometheus-1.14.4.jar;C:\Users\NEHA\.m2\repository\io\micrometer\micrometer-core\1.14.4\micrometer-core-1.14.4.jar;C:\Users\NEHA\.m2\repository\org\hdrhistogram\HdrHistogram\2.2.2\HdrHistogram-2.2.2.jar;C:\Users\NEHA\.m2\repository\org\latencyutils\LatencyUtils\2.0.3\LatencyUtils-2.0.3.jar;C:\Users\NEHA\.m2\repository\io\prometheus\prometheus-metrics-core\1.3.6\prometheus-metrics-core-1.3.6.jar;C:\Users\NEHA\.m2\repository\io\prometheus\prometheus-metrics-model\1.3.6\prometheus-metrics-model-1.3.6.jar;C:\Users\NEHA\.m2\repository\io\prometheus\prometheus-metrics-config\1.3.6\prometheus-metrics-config-1.3.6.jar;C:\Users\NEHA\.m2\repository\io\prometheus\prometheus-metrics-tracer-common\1.3.6\prometheus-metrics-tracer-common-1.3.6.jar;C:\Users\NEHA\.m2\repository\io\prometheus\prometheus-metrics-exposition-formats\1.3.6\prometheus-metrics-exposition-formats-1.3.6.jar;C:\Users\NEHA\.m2\repository\io\prometheus\prometheus-metrics-exposition-textformats\1.3.6\prometheus-metrics-exposition-textformats-1.3.6.jar;C:\Users\NEHA\.m2\repository\org\springframework\boot\spring-boot-starter-websocket\3.4.3\spring-boot-starter-websocket-3.4.3.jar;C:\Users\NEHA\.m2\repository\org\springframework\spring-messaging\6.2.3\spring-messaging-6.2.3.jar;C:\Users\NEHA\.m2\repository\org\springframework\spring-websocket\6.2.3\spring-websocket-6.2.3.jar;C:\Users\NEHA\.m2\repository\org\springframework\boot\spring-boot-devtools\3.4.3\spring-boot-devtools-3.4.3.jar;C:\Users\NEHA\.m2\repository\org\springframework\boot\spring-boot\3.4.3\spring-boot-3.4.3.jar;C:\Users\NEHA\.m2\repository\org\springframework\boot\spring-boot-autoconfigure\3.4.3\spring-boot-autoconfigure-3.4.3.jar;C:\Users\NEHA\.m2\repository\com\mysql\mysql-connector-j\9.1.0\mysql-connector-j-9.1.0.jar;C:\Users\NEHA\.m2\repository\net\javacrumbs\shedlock\shedlock-spring\6.0.2\shedlock-spring-6.0.2.jar;C:\Users\NEHA\.m2\repository\net\javacrumbs\shedlock\shedlock-core\6.0.2\shedlock-core-6.0.2.jar;C:\Users\NEHA\.m2\repository\org\springframework\spring-context\6.2.3\spring-context-6.2.3.jar;C:\Users\NEHA\.m2\repository\net\javacrumbs\shedlock\shedlock-provider-jdbc-template\6.0.2\shedlock-provider-jdbc-template-6.0.2.jar;C:\Users\NEHA\.m2\repository\org\springframework\spring-jdbc\6.2.3\spring-jdbc-6.2.3.jar;C:\Users\NEHA\.m2\repository\org\flywaydb\flyway-core\10.20.1\flyway-core-10.20.1.jar;C:\Users\NEHA\.m2\repository\com\fasterxml\jackson\dataformat\jackson-dataformat-toml\2.18.2\jackson-dataformat-toml-2.18.2.jar;C:\Users\NEHA\.m2\repository\com\fasterxml\jackson\datatype\jackson-datatype-jsr310\2.18.2\jackson-datatype-jsr310-2.18.2.jar;C:\Users\NEHA\.m2\repository\org\flywaydb\flyway-mysql\10.20.1\flyway-mysql-10.20.1.jar;C:\Users\NEHA\.m2\repository\jakarta\persistence\jakarta.persistence-api\3.1.0\jakarta.persistence-api-3.1.0.jar;C:\Users\NEHA\.m2\repository\jakarta\validation\jakarta.validation-api\3.0.2\jakarta.validation-api-3.0.2.jar;C:\Users\NEHA\.m2\repository\org\hibernate\validator\hibernate-validator\8.0.1.Final\hibernate-validator-8.0.1.Final.jar;C:\Users\NEHA\.m2\repository\org\jboss\logging\jboss-logging\3.6.1.Final\jboss-logging-3.6.1.Final.jar;C:\Users\NEHA\.m2\repository\com\fasterxml\classmate\1.7.0\classmate-1.7.0.jar;C:\Users\NEHA\.m2\repository\org\apache\tomcat\embed\tomcat-embed-jasper\10.1.36\tomcat-embed-jasper-10.1.36.jar;C:\Users\NEHA\.m2\repository\org\apache\tomcat\embed\tomcat-embed-core\10.1.36\tomcat-embed-core-10.1.36.jar;C:\Users\NEHA\.m2\repository\org\apache\tomcat\tomcat-annotations-api\10.1.36\tomcat-annotations-api-10.1.36.jar;C:\Users\NEHA\.m2\repository\org\apache\tomcat\embed\tomcat-embed-el\10.1.36\tomcat-embed-el-10.1.36.jar;C:\Users\NEHA\.m2\repository\org\eclipse\jdt\ecj\3.33.0\ecj-3.33.0.jar;C:\Users\NEHA\.m2\repository\org\glassfish\web\jakarta.servlet.jsp.jstl\2.0.0\jakarta.servlet.jsp.jstl-2.0.0.jar;C:\Users\NEHA\.m2\repository\jakarta\servlet\jsp\jstl\jakarta.servlet.jsp.jstl-api\3.0.2\jakarta.servlet.jsp.jstl-api-3.0.2.jar;C:\Users\NEHA\.m2\repository\jakarta\servlet\jakarta.servlet-api\6.0.0\jakarta.servlet-api-6.0.0.jar;C:\Users\NEHA\.m2\repository\org\glassfish\jakarta.el\4.0.2\jakarta.el-4.0.2.jar;C:\Users\NEHA\.m2\repository\jakarta\el\jakarta.el-api\4.0.0\jakarta.el-api-4.0.0.jar;C:\Users\NEHA\.m2\repository\org\projectlombok\lombok\1.18.36\lombok-1.18.36.jar;C:\Users\NEHA\.m2\repository\com\itextpdf\itextpdf\5.5.13.2\itextpdf-5.5.13.2.jar;C:\Users\NEHA\.m2\repository\nz\ac\waikato\cms\weka\weka-stable\3.8.6\weka-stable-3.8.6.jar;C:\Users\NEHA\.m2\repository\com\github\vbmacher\java-cup\11b-20160615\java-cup-11b-20160615.jar;C:\Users\NEHA\.m2\repository\com\github\vbmacher\java-cup-runtime\11b-20160615\java-cup-runtime-11b-20160615.jar;C:\Users\NEHA\.m2\repository\nz\ac\waikato\cms\weka\thirdparty\bounce\0.18\bounce-0.18.jar;C:\Users\NEHA\.m2\repository\com\googlecode\matrix-toolkits-java\mtj\1.0.4\mtj-1.0.4.jar;C:\Users\NEHA\.m2\repository\com\github\fommil\netlib\netlib-native_ref-osx-x86_64\1.1\netlib-native_ref-osx-x86_64-1.1-natives.jar;C:\Users\NEHA\.m2\repository\com\github\fommil\netlib\native_ref-java\1.1\native_ref-java-1.1.jar;C:\Users\NEHA\.m2\repository\com\github\fommil\jniloader\1.1\jniloader-1.1.jar;C:\Users\NEHA\.m2\repository\com\github\fommil\netlib\netlib-native_ref-linux-x86_64\1.1\netlib-native_ref-linux-x86_64-1.1-natives.jar;C:\Users\NEHA\.m2\repository\com\github\fommil\netlib\netlib-native_ref-linux-i686\1.1\netlib-native_ref-linux-i686-1.1-natives.jar;C:\Users\NEHA\.m2\repository\com\github\fommil\netlib\netlib-native_ref-win-x86_64\1.1\netlib-native_ref-win-x86_64-1.1-natives.jar;C:\Users\NEHA\.m2\repository\com\github\fommil\netlib\netlib-native_ref-win-i686\1.1\netlib-native_ref-win-i686-1.1-natives.jar;C:\Users\NEHA\.m2\repository\com\github\fommil\netlib\netlib-native_ref-linux-armhf\1.1\netlib-native_ref-linux-armhf-1.1-natives.jar;C:\Users\NEHA\.m2\repository\com\github\fommil\netlib\netlib-native_system-osx-x86_64\1.1\netlib-native_system-osx-x86_64-1.1-natives.jar;C:\Users\NEHA\.m2\repository\com\github\fommil\netlib\native_system-java\1.1\native_system-java-1.1.jar;C:\Users\NEHA\.m2\repository\com\github\fommil\netlib\netlib-native_system-linux-x86_64\1.1\netlib-native_system-linux-x86_64-1.1-natives.jar;C:\Users\NEHA\.m2\repository\com\github\fommil\netlib\netlib-native_system-linux-i686\1.1\netlib-native_system-linux-i686-1.1-natives.jar;C:\Users\NEHA\.m2\repository\com\github\fommil\netlib\netlib-native_system-linux-armhf\1.1\netlib-native_system-linux-armhf-1.1-natives.jar;C:\Users\NEHA\.m2\repository\com\github\fommil\netlib\netlib-native_system-win-x86_64\1.1\netlib-native_system-win-x86_64-1.1-natives.jar;C:\Users\NEHA\.m2\repository\com\github\fommil\netlib\netlib-native_system-win-i686\1.1\netlib-native_system-win-i686-1.1-natives.jar;C:\Users\NEHA\.m2\repository\net\sourceforge\f2j\arpack_combined_all\0.1\arpack_combined_all-0.1.jar;C:\Users\NEHA\.m2\repository\com\googlecode\netlib-java\netlib-java\1.1\netlib-java-1.1.jar;C:\Users\NEHA\.m2\repository\com\github\fommil\netlib\core\1.1\core-1.1.jar;C:\Users\NEHA\.m2\repository\com\github\fracpete\jfilechooser-bookmarks\0.1.6\jfilechooser-bookmarks-0.1.6.jar;C:\Users\NEHA\.m2\repository\com\github\fracpete\jclipboardhelper\0.1.0\jclipboardhelper-0.1.0.jar;C:\Users\NEHA\.m2\repository\com\sun\istack\istack-commons-runtime\4.1.2\istack-commons-runtime-4.1.2.jar;C:\Users\NEHA\.m2\repository\jakarta\activation\jakarta.activation-api\2.1.3\jakarta.activation-api-2.1.3.jar;C:\Users\NEHA\.m2\repository\jakarta\xml\bind\jakarta.xml.bind-api\4.0.2\jakarta.xml.bind-api-4.0.2.jar;C:\Users\NEHA\.m2\repository\org\glassfish\jaxb\jaxb-runtime\4.0.5\jaxb-runtime-4.0.5.jar;C:\Users\NEHA\.m2\repository\org\glassfish\jaxb\jaxb-core\4.0.5\jaxb-core-4.0.5.jar;C:\Users\NEHA\.m2\repository\org\glassfish\jaxb\txw2\4.0.5\txw2-4.0.5.jar;C:\Users\NEHA\.m2\repository\com\formdev\flatlaf\2.0\flatlaf-2.0.jar;C:\Users\NEHA\.m2\repository\org\thymeleaf\thymeleaf-spring5\3.0.15.RELEASE\thymeleaf-spring5-3.0.15.RELEASE.jar;C:\Users\NEHA\.m2\repository\org\thymeleaf\thymeleaf\3.1.3.RELEASE\thymeleaf-3.1.3.RELEASE.jar;C:\Users\NEHA\.m2\repository\org\attoparser\attoparser\2.0.7.RELEASE\attoparser-2.0.7.RELEASE.jar;C:\Users\NEHA\.m2\repository\org\unbescape\unbescape\1.1.6.RELEASE\unbescape-1.1.6.RELEASE.jar;C:\Users\NEHA\.m2\repository\org\slf4j\slf4j-api\2.0.16\slf4j-api-2.0.16.jar;C:\Users\NEHA\.m2\repository\com\fasterxml\jackson\core\jackson-databind\2.15.0\jackson-databind-2.15.0.jar;C:\Users\NEHA\.m2\repository\com\fasterxml\jackson\core\jackson-annotations\2.18.2\jackson-annotations-2.18.2.jar;C:\Users\NEHA\.m2\repository\com\fasterxml\jackson\core\jackson-core\2.18.2\jackson-core-2.18.2.jar;C:\Users\NEHA\.m2\repository\com\razorpay\razorpay-java\1.4.3\razorpay-java-1.4.3.jar;C:\Users\NEHA\.m2\repository\org\json\json\20180130\json-20180130.jar;C:\Users\NEHA\.m2\repository\com\squareup\okhttp3\okhttp\3.10.0\okhttp-3.10.0.jar;C:\Users\NEHA\.m2\repository\com\squareup\okio\okio\1.14.0\okio-1.14.0.jar;C:\Users\NEHA\.m2\repository\com\squareup\okhttp3\logging-interceptor\3.10.0\logging-interceptor-3.10.0.jar;C:\Users\NEHA\.m2\repository\commons-codec\commons-codec\1.17.2\commons-codec-1.17.2.jar;C:\Users\NEHA\.m2\repository\org\apache\commons\commons-text\1.3\commons-text-1.3.jar;C:\Users\NEHA\.m2\repository\org\apache\commons\commons-lang3\3.17.0\commons-lang3-3.17.0.jar;C:\Users\NEHA\.m2\repository\software\amazon\awssdk\s3\2.29.45\s3-2.29.45.jar;C:\Users\NEHA\.m2\repository\software\amazon\awssdk\aws-xml-protocol\2.29.45\aws-xml-protocol-2.29.45.jar;C:\Users\NEHA\.m2\repository\software\amazon\awssdk\aws-query-protocol\2.29.45\aws-query-protocol-2.29.45.jar;C:\Users\NEHA\.m2\repository\software\amazon\awssdk\protocol-core\2.29.45\protocol-core-2.29.45.jar;C:\Users\NEHA\.m2\repository\software\amazon\awssdk\arns\2.29.45\arns-2.29.45.jar;C:\Users\NEHA\.m2\repository\software\amazon\awssdk\profiles\2.29.45\profiles-2.29.45.jar;C:\Users\NEHA\.m2\repository\software\amazon\awssdk\crt-core\2.29.45\crt-core-2.29.45.jar;C:\Users\NEHA\.m2\repository\software\amazon\awssdk\http-auth\2.29.45\http-auth-2.29.45.jar;C:\Users\NEHA\.m2\repository\software\amazon\awssdk\identity-spi\2.29.45\identity-spi-2.29.45.jar;C:\Users\NEHA\.m2\repository\software\amazon\awssdk\http-auth-spi\2.29.45\http-auth-spi-2.29.45.jar;C:\Users\NEHA\.m2\repository\org\reactivestreams\reactive-streams\1.0.4\reactive-streams-1.0.4.jar;C:\Users\NEHA\.m2\repository\software\amazon\awssdk\http-auth-aws\2.29.45\http-auth-aws-2.29.45.jar;C:\Users\NEHA\.m2\repository\software\amazon\awssdk\checksums\2.29.45\checksums-2.29.45.jar;C:\Users\NEHA\.m2\repository\software\amazon\awssdk\checksums-spi\2.29.45\checksums-spi-2.29.45.jar;C:\Users\NEHA\.m2\repository\software\amazon\awssdk\retries-spi\2.29.45\retries-spi-2.29.45.jar;C:\Users\NEHA\.m2\repository\software\amazon\awssdk\sdk-core\2.29.45\sdk-core-2.29.45.jar;C:\Users\NEHA\.m2\repository\software\amazon\awssdk\retries\2.29.45\retries-2.29.45.jar;C:\Users\NEHA\.m2\repository\software\amazon\awssdk\auth\2.29.45\auth-2.29.45.jar;C:\Users\NEHA\.m2\repository\software\amazon\awssdk\http-auth-aws-eventstream\2.29.45\http-auth-aws-eventstream-2.29.45.jar;C:\Users\NEHA\.m2\repository\software\amazon\eventstream\eventstream\1.0.1\eventstream-1.0.1.jar;C:\Users\NEHA\.m2\repository\software\amazon\awssdk\http-client-spi\2.29.45\http-client-spi-2.29.45.jar;C:\Users\NEHA\.m2\repository\software\amazon\awssdk\regions\2.29.45\regions-2.29.45.jar;C:\Users\NEHA\.m2\repository\software\amazon\awssdk\annotations\2.29.45\annotations-2.29.45.jar;C:\Users\NEHA\.m2\repository\software\amazon\awssdk\utils\2.29.45\utils-2.29.45.jar;C:\Users\NEHA\.m2\repository\software\amazon\awssdk\aws-core\2.29.45\aws-core-2.29.45.jar;C:\Users\NEHA\.m2\repository\software\amazon\awssdk\metrics-spi\2.29.45\metrics-spi-2.29.45.jar;C:\Users\NEHA\.m2\repository\software\amazon\awssdk\json-utils\2.29.45\json-utils-2.29.45.jar;C:\Users\NEHA\.m2\repository\software\amazon\awssdk\third-party-jackson-core\2.29.45\third-party-jackson-core-2.29.45.jar;C:\Users\NEHA\.m2\repository\software\amazon\awssdk\endpoints-spi\2.29.45\endpoints-spi-2.29.45.jar;C:\Users\NEHA\.m2\repository\software\amazon\awssdk\apache-client\2.29.45\apache-client-2.29.45.jar;C:\Users\NEHA\.m2\repository\org\apache\httpcomponents\httpclient\4.5.13\httpclient-4.5.13.jar;C:\Users\NEHA\.m2\repository\org\apache\httpcomponents\httpcore\4.4.16\httpcore-4.4.16.jar;C:\Users\NEHA\.m2\repository\software\amazon\awssdk\netty-nio-client\2.29.45\netty-nio-client-2.29.45.jar;C:\Users\NEHA\.m2\repository\io\netty\netty-codec-http\4.1.118.Final\netty-codec-http-4.1.118.Final.jar;C:\Users\NEHA\.m2\repository\io\netty\netty-codec-http2\4.1.118.Final\netty-codec-http2-4.1.118.Final.jar;C:\Users\NEHA\.m2\repository\io\netty\netty-codec\4.1.118.Final\netty-codec-4.1.118.Final.jar;C:\Users\NEHA\.m2\repository\io\netty\netty-transport\4.1.118.Final\netty-transport-4.1.118.Final.jar;C:\Users\NEHA\.m2\repository\io\netty\netty-common\4.1.118.Final\netty-common-4.1.118.Final.jar;C:\Users\NEHA\.m2\repository\io\netty\netty-buffer\4.1.118.Final\netty-buffer-4.1.118.Final.jar;C:\Users\NEHA\.m2\repository\io\netty\netty-handler\4.1.118.Final\netty-handler-4.1.118.Final.jar;C:\Users\NEHA\.m2\repository\io\netty\netty-transport-native-unix-common\4.1.118.Final\netty-transport-native-unix-common-4.1.118.Final.jar;C:\Users\NEHA\.m2\repository\io\netty\netty-transport-classes-epoll\4.1.118.Final\netty-transport-classes-epoll-4.1.118.Final.jar;C:\Users\NEHA\.m2\repository\io\netty\netty-resolver\4.1.118.Final\netty-resolver-4.1.118.Final.jar;C:\Users\NEHA\.m2\repository\io\jsonwebtoken\jjwt-api\0.11.5\jjwt-api-0.11.5.jar;C:\Users\NEHA\.m2\repository\io\jsonwebtoken\jjwt-impl\0.11.5\jjwt-impl-0.11.5.jar;C:\Users\NEHA\.m2\repository\io\jsonwebtoken\jjwt-jackson\0.11.5\jjwt-jackson-0.11.5.jar;C:\Users\NEHA\.m2\repository\org\springframework\spring-core\6.2.3\spring-core-6.2.3.jar;C:\Users\NEHA\.m2\repository\org\springframework\spring-jcl\6.2.3\spring-jcl-6.2.3.jar
Launcher Type: SUN_STANDARD

[Global flags]
     intx CICompilerCount                          = 4                                         {product} {ergonomic}
     uint ConcGCThreads                            = 3                                         {product} {ergonomic}
     uint G1ConcRefinementThreads                  = 10                                        {product} {ergonomic}
   size_t G1HeapRegionSize                         = 1048576                                   {product} {ergonomic}
   size_t InitialHeapSize                          = 62914560                                  {product} {ergonomic}
     bool ManagementServer                         = true                                      {product} {command line}
   size_t MarkStackSize                            = 4194304                                   {product} {ergonomic}
   size_t MarkStackSizeMax                         = 536870912                                 {product} {ergonomic}
   size_t MaxHeapSize                              = 991952896                                 {product} {ergonomic}
   size_t MaxNewSize                               = 594542592                                 {product} {ergonomic}
   size_t MinHeapDeltaBytes                        = 1048576                                   {product} {ergonomic}
   size_t MinHeapSize                              = 8388608                                   {product} {ergonomic}
    uintx NonNMethodCodeHeapSize                   = 4096                                   {pd product} {ergonomic}
    uintx NonProfiledCodeHeapSize                  = 0                                      {pd product} {ergonomic}
     bool ProfileInterpreter                       = false                                  {pd product} {command line}
    uintx ProfiledCodeHeapSize                     = 0                                      {pd product} {ergonomic}
     bool ShowCodeDetailsInExceptionMessages       = true                                   {manageable} {command line}
   size_t SoftMaxHeapSize                          = 991952896                              {manageable} {ergonomic}
     intx TieredStopAtLevel                        = 1                                         {product} {command line}
     bool UseCompressedOops                        = true                           {product lp64_product} {ergonomic}
     bool UseG1GC                                  = true                                      {product} {ergonomic}
     bool UseLargePagesIndividualAllocation        = false                                  {pd product} {ergonomic}

Logging:
Log output configuration:
 #0: stdout all=warning uptime,level,tags foldmultilines=false
 #1: stderr all=off uptime,level,tags foldmultilines=false

Release file:
JAVA_VERSION="25.0.1" 
MODULES="java.base java.compiler java.datatransfer java.xml java.prefs java.desktop java.instrument java.logging java.management java.security.sasl java.naming java.rmi java.management.rmi java.net.http java.scripting java.security.jgss java.transaction.xa java.sql java.sql.rowset java.xml.crypto java.se java.smartcardio jdk.accessibility jdk.internal.jvmstat jdk.attach jdk.charsets jdk.internal.opt jdk.zipfs jdk.compiler jdk.crypto.cryptoki jdk.crypto.ec jdk.crypto.mscapi jdk.dynalink jdk.internal.ed jdk.editpad jdk.internal.vm.ci jdk.graal.compiler jdk.graal.compiler.management jdk.hotspot.agent jdk.httpserver jdk.internal.le jdk.internal.md jdk.jartool jdk.javadoc jdk.jcmd jdk.management jdk.management.agent jdk.jconsole jdk.jdeps jdk.jdwp.agent jdk.jdi jdk.jfr jdk.jshell jdk.jsobject jdk.jstatd jdk.localedata jdk.management.jfr jdk.naming.dns jdk.naming.rmi jdk.net jdk.nio.mapmode jdk.sctp jdk.security.auth jdk.security.jgss jdk.unsupported jdk.unsupported.desktop jdk.xml.dom" 

Environment Variables:
PATH=C:/Users/NEHA/Downloads/sts/sts-5.0.1.RELEASE//plugins/org.eclipse.justj.openjdk.hotspot.jre.full.win32.x86_64_25.0.1.v20251108-1451/jre/bin/server;C:/Users/NEHA/Downloads/sts/sts-5.0.1.RELEASE//plugins/org.eclipse.justj.openjdk.hotspot.jre.full.win32.x86_64_25.0.1.v20251108-1451/jre/bin;C:\Program Files\Common Files\Oracle\Java\javapath;C:\WINDOWS\system32;C:\WINDOWS;C:\WINDOWS\System32\Wbem;C:\WINDOWS\System32\WindowsPowerShell\v1.0\;C:\WINDOWS\System32\OpenSSH\;C:\Program Files\MySQL\MySQL Server 8.0\bin;C:\Program Files\Git\cmd;C:\Program Files\nodejs\;C:\Program Files\MySQL\MySQL Shell 8.0\bin\;C:\Users\NEHA\AppData\Local\Microsoft\WindowsApps;C:\Users\NEHA\AppData\Local\Programs\Microsoft VS Code\bin;C:\Users\NEHA\AppData\Roaming\npm;C:\Users\NEHA\Downloads\sts\sts-5.0.1.RELEASE;
USERNAME=NEHA
OS=Windows_NT
PROCESSOR_IDENTIFIER=Intel64 Family 6 Model 154 Stepping 4, GenuineIntel
TMP=C:\Users\NEHA\AppData\Local\Temp
TEMP=C:\Users\NEHA\AppData\Local\Temp




Compilation memory statistics disabled.

Periodic native trim disabled

---------------  S Y S T E M  ---------------

OS:
 Windows 11 , 64 bit Build 26100 (10.0.26100.9168)
OS uptime: 0 days 7:16 hours

CPU: total 12 (initial active 12) (12 cores per cpu, 1 threads per core) family 6 model 154 stepping 4 microcode 0x437, cx8, cmov, fxsr, mmx, 3dnowpref, sse, sse2, sse3, ssse3, sse4.1, sse4.2, popcnt, lzcnt, tsc, tscinvbit, avx, avx2, aes, erms, clmul, bmi1, bmi2, adx, sha, fma, vzeroupper, clflush, clflushopt, clwb, serialize, rdtscp, rdpid, fsrm, gfni, f16c, pku, cet_ibt, cet_ss
Processor Information for the first 12 processors :
  Max Mhz: 1300, Current Mhz: 1300, Mhz Limit: 1300

Memory: 4k page, system-wide physical 3780M (2M free)
TotalPageFile size 16068M (AvailPageFile size 0M)
current process WorkingSet (physical memory assigned to process): 6M, peak: 406M
current process commit charge ("private bytes"): 554M, peak: 555M

vm_info: OpenJDK 64-Bit Server VM (25.0.1+8-LTS) for windows-amd64 JRE (25.0.1+8-LTS), built on 2025-10-21T00:00:00Z with unknown MS VC++:1942

END.
